feat_0,feat_1,target
0.4967141530112327,-0.13826430117118466,1.0
0.6476885381006925,1.5230298564080254,1.0
-0.23415337472333597,-0.23413695694918055,1.0
1.5792128155073915,0.7674347291529088,1.0
-0.4694743859349521,0.5425600435859647,1.0
-0.46341769281246226,-0.46572975357025687,1.0
0.24196227156603412,-1.913280244657798,1.0
-1.7249178325130328,-0.5622875292409727,1.0
-1.0128311203344238,0.3142473325952739,1.0
-0.9080240755212109,-1.4123037013352915,1.0
1.465648768921554,-0.22577630048653566,1.0
0.06752820468792384,-1.4247481862134568,1.0
-0.5443827245251827,0.11092258970986608,1.0
-1.1509935774223028,0.37569801834567196,1.0
-0.600638689918805,-0.2916937497932768,1.0
-0.6017066122293969,1.8522781845089378,1.0
-0.013497224737933921,-1.0577109289559004,1.0
0.822544912103189,-1.2208436499710222,1.0
0.2088635950047554,-1.9596701238797756,1.0
-1.3281860488984305,0.19686123586912352,1.0
0.7384665799954104,0.1713682811899705,1.0
-0.11564828238824053,-0.3011036955892888,1.0
-1.4785219903674274,-0.7198442083947086,1.0
-0.4606387709597875,1.0571222262189157,1.0
0.3436182895684614,-1.763040155362734,1.0
0.324083969394795,-0.38508228041631654,1.0
-0.6769220003059587,0.6116762888408679,1.0
1.030999522495951,0.9312801191161986,1.0
-0.8392175232226385,-0.3092123758512146,1.0
0.33126343140356396,0.9755451271223592,1.0
-0.47917423784528995,-0.18565897666381712,1.0
-1.1063349740060282,-1.1962066240806708,1.0
0.812525822394198,1.356240028570823,1.0
-0.07201012158033385,1.0035328978920242,1.0
0.36163602504763415,-0.6451197546051243,1.0
0.36139560550841393,1.5380365664659692,1.0
-0.03582603910995154,1.5646436558140062,1.0
-2.6197451040897444,0.8219025043752238,1.0
0.08704706823817122,-0.29900735046586746,1.0
0.0917607765355023,-1.9875689146008928,1.0
-0.21967188783751193,0.3571125715117464,1.0
1.477894044741516,-0.5182702182736474,1.0
-0.8084936028931876,-0.5017570435845365,1.0
0.9154021177020741,0.32875110965968446,1.0
-0.5297602037670388,0.5132674331133561,1.0
0.09707754934804039,0.9686449905328892,1.0
-0.7020530938773524,-0.3276621465977682,1.0
-0.39210815313215763,-1.4635149481321186,1.0
0.29612027706457605,0.26105527217988933,1.0
0.00511345664246089,-0.23458713337514692,1.0
-1.4153707420504142,-0.42064532276535904,1.0
-0.3427145165267695,-0.8022772692216189,1.0
-0.16128571166600914,0.4040508568145384,1.0
1.8861859012105302,0.17457781283183896,1.0
0.25755039072276437,-0.07444591576616721,1.0
-1.9187712152990415,-0.026513875449216878,1.0
0.06023020994102644,2.463242112485286,1.0
-0.19236096478112252,0.30154734233361247,1.0
-0.03471176970524331,-1.168678037619532,1.0
1.1428228145150205,0.7519330326867741,1.0
0.7910319470430469,-0.9093874547947389,1.0
1.4027943109360992,-1.4018510627922809,1.0
0.5868570938002703,2.1904556258099785,1.0
-0.9905363251306883,-0.5662977296027719,1.0
0.09965136508764122,-0.5034756541161992,1.0
-1.5506634310661327,0.06856297480602733,1.0
-1.0623037137261049,0.4735924306351816,1.0
-0.9194242342338032,1.5499344050175394,1.0
-0.7832532923362371,-0.3220615162056756,1.0
0.8135172173696698,-1.2308643164339552,1.0
0.22745993460412942,1.307142754282428,1.0
-1.6074832345612275,0.1846338585323042,1.0
0.25988279424842353,0.7818228717773104,1.0
-1.236950710878082,-1.3204566130842763,1.0
0.5219415656168976,0.29698467323318606,1.0
0.25049285034587654,0.3464482094969757,1.0
-0.6800247215784908,0.23225369716100355,1.0
0.29307247329868125,-0.7143514180263678,1.0
1.8657745111447566,0.4738329209117875,1.0
-1.1913034972026486,0.6565536086338297,1.0
-0.9746816702273214,0.787084603742452,1.0
1.158595579007404,-0.8206823183517105,1.0
0.9633761292443218,0.4127809269364983,1.0
0.82206015999449,1.8967929826539474,1.0
-0.2453881160028705,-0.7537361643574896,1.0
-0.8895144296255233,-0.8158102849654383,1.0
-0.0771017094141042,0.3411519748166439,1.0
0.27669079933001905,0.8271832490360238,1.0
0.01300189187790702,1.4535340771573169,1.0
-0.2646568332379561,2.720169166589619,1.0
0.6256673477650062,-0.8571575564162826,1.0
-1.0708924980611123,0.4824724152431853,1.0
-0.2234627853258509,0.714000494092092,1.0
0.47323762457354485,-0.07282891265687277,1.0
-0.846793718068405,-1.5148472246858646,1.0
-0.4465149520670211,0.8563987943234723,1.0
0.21409374413020396,-1.245738778711988,1.0
0.173180925851182,0.3853173797288368,1.0
-0.883857436201133,0.1537251059455279,1.0
0.058208718445999896,-1.142970297830623,1.0
0.3577873603482833,0.5607845263682344,-1.0
1.083051243175277,1.053802052034903,-1.0
-1.377669367957091,-0.9378250399151228,-1.0
0.5150352672086598,0.5137859509122088,-1.0
0.5150476863060479,3.852731490654721,-1.0
0.570890510693167,1.135565640180599,-1.0
0.9540017634932023,0.651391251305798,-1.0
-0.3152692446403456,0.7589692204932674,-1.0
-0.7728252145375718,-0.23681860674000887,-1.0
-0.48536354782910346,0.08187413938632256,-1.0
2.3146585666735087,-1.867265192591748,-1.0
0.6862601903745135,-1.6127158711896517,-1.0
-0.47193186578943347,1.088950596967366,-1.0
0.06428001909546277,-1.0777447779293061,-1.0
-0.7153037092599682,0.6795977489346758,-1.0
-0.7303666317171367,0.21645858958197486,-1.0
0.045571839903813784,-0.6516003476058171,-1.0
2.1439440893253257,0.6339190223180112,-1.0
-2.025142586657607,0.18645431476942764,-1.0
-0.661786464768388,0.852433334796224,-1.0
-0.7925207384327007,-0.11473644146689901,-1.0
0.5049872789804571,0.8657551941701215,-1.0
-1.2002964070557762,-0.3345012358409484,-1.0
-0.4749453111609562,-0.6533292325737119,-1.0
1.7654542402810969,0.40498171096095553,-1.0
-1.2608839543350452,0.9178619470547761,-1.0
2.1221561970126332,1.0324652605511468,-1.0
-1.5193699659540134,-0.48423407286625136,-1.0
1.2669111491866227,-0.7076694656187807,-1.0
0.44381942814622843,0.7746340534293368,-1.0
-0.926930471578083,-0.05952535606180008,-1.0
-3.2412673400690726,-1.0243876413342898,-1.0
-0.2525681513931603,-1.2477831819648495,-1.0
1.6324113039316352,-1.4301413779606327,-1.0
-0.44004448669698376,0.13074057728609134,-1.0
1.4412732890661155,-1.4358621511794394,-1.0
1.1631637521549596,0.010233061019587049,-1.0
-0.9815086510479509,0.46210347426327075,-1.0
0.19905969557347003,-0.6002168771587947,-1.0
0.06980208499001891,-0.3853135968617602,-1.0
0.11351734525124804,0.6621306745210467,-1.0
1.586016816145352,-1.237815498826849,-1.0
2.1330333746562666,-1.9520877995225019,-1.0
-0.15178509503558332,0.5883172064845765,-1.0
0.28099186773503265,-0.6226995198205938,-1.0
-0.20812225035727522,-0.4930009346588328,-1.0
-0.5893647569442115,0.8496020970210246,-1.0
0.35701548596504734,-0.6929095952606542,-1.0
0.8995998754332507,0.30729952087660933,-1.0
0.8128621188389601,0.6296288419236122,-1.0
-0.8289950109220723,-0.5601810401969696,-1.0
0.7472936051232618,0.6103702654334648,-1.0
-0.020901593964148132,0.117327383308782,-1.0
1.277664895788425,-0.5915713888358299,-1.0
0.5470973811700379,-0.20219265243389406,-1.0
-0.2176812032272203,1.09877685198719,-1.0
0.8254163489880298,0.8135096360006385,-1.0
1.305478807154329,0.02100384163275905,-1.0
0.6819529712949639,-0.31026675659345604,-1.0
0.3241663524884421,-0.13014305436768459,-1.0
0.09699596499271819,0.5951570254369136,-1.0
-0.8182206832334725,2.0923872756854602,-1.0
-1.006017381499702,-1.2141886127877322,-1.0
1.1581108735000678,0.7916626939629359,-1.0
0.6241198170521551,0.6283455092642799,-1.0
-0.012246772846914623,-0.8972543714858315,-1.0
0.07580455819372633,-0.6771617115121117,-1.0
0.9751197334177512,-0.14705738150213865,-1.0
-0.8254971967925115,-0.32138584165299344,-1.0
0.41293145427562433,-0.5637245528039747,-1.0
-0.8222203955664315,0.2436872114919123,-1.0
0.24496657110872277,-0.5069431753711298,-1.0
-0.4710383056183228,0.2320499373576363,-1.0
-1.4480843414973241,-1.4074637743765552,-1.0
-0.718444221252436,-0.21344715171184725,-1.0
0.3109075655980046,1.475356216949552,-1.0
0.8576596232020194,-0.1599385299634271,-1.0
-0.01901620790268883,-1.0025293646378088,-1.0
-0.01851313599238993,-0.2886586389201383,-1.0
0.3227185603380895,-0.827230943552323,-1.0
0.5193465142411723,1.5327389130025777,-1.0
-0.1087601484568576,0.40171172209894146,-1.0
0.6901439917111125,-0.40122047188583626,-1.0
0.22409248181041677,0.01259240078179486,-1.0
0.09767609854883172,-0.7730097838554665,-1.0
0.024510174258942714,0.49799829124544975,-1.0
1.4511436077950417,0.9592708260852069,-1.0
2.1531824575115563,-0.7673475628880495,-1.0
0.8723206367206782,0.18334200573835174,-1.0
2.1898029332176723,-0.8082982853551515,-1.0
4.160278157819224,4.400607354555978,-1.0
2.876104275690193,4.474244978319239,-1.0
4.240867338446302,5.150393786476208,-1.0
5.3417559757771595,6.876170839215886,-1.0
5.95042383818605,4.423096344337597,-1.0
4.101585328651642,5.491919171506506,-1.0
3.6797667929793576,6.831458765854354,-1.0
6.179440120721287,4.530824347895296,-1.0
3.2868654709091225,6.353872374165412,-1.0
4.885460154747382,6.237816311973462,-1.0
3.405572341205633,4.400624977046228,-1.0
5.005243699718183,5.046980593764742,-1.0
4.549934528520756,5.622849932347499,-1.0
3.932379570617406,4.857620514978707,-1.0
5.120295631711899,5.514438834058749,-1.0
5.71161487808889,3.8753579081621305,-1.0
3.4658858292643777,6.277676821898509,-1.0
5.332314011979592,4.251513463443446,-1.0
6.551151975522523,5.1156746342928585,-1.0
6.179297184063826,5.067518481410109,-1.0
7.060747924881987,6.755340842443204,-1.0
4.751035851520927,5.971570950954355,-1.0
5.645375949585148,6.368631557532349,-1.0
4.0350765394198955,5.686051459998439,-1.0
6.058424486849588,3.2412605135768855,-1.0
3.816741487334225,2.9607678222398994,-1.0
4.730593165555442,5.717542255795962,-1.0
6.502357052096028,5.074094780419776,-1.0
6.628615545571292,3.6198985417851084,-1.0
3.2966175606448456,4.944452301103381,-1.0
5.384065448939308,4.967305251905907,-1.0
2.9325578999601234,4.910879960487212,-1.0
3.695530499495147,5.669672548830039,-1.0
5.366598246096848,4.060120213672644,-1.0
4.486133082663306,3.9407864781110487,-1.0
4.937320902726828,5.955142320501238,-1.0
4.014273953664456,5.504046515517844,-1.0
4.469742381627559,4.207127167737656,-1.0
4.892969640045442,3.964757677580626,-1.0
4.446350694652818,3.8021221074111518,-1.0
6.9647251329163895,5.035263551971728,-1.0
4.300274492007414,5.213979910734222,-1.0
4.88767195030917,4.779030400466777,-1.0
5.614166700043425,5.757507710047305,-1.0
4.4694988523894725,4.42418175935532,-1.0
4.724948302848356,2.698078835264415,-1.0
3.4848089378014477,6.3668742674445244,-1.0
6.644967713501284,4.750963960443622,-1.0
5.576556963055767,5.311250154543536,-1.0
8.078880808455239,6.119574911434577,-1.0
4.872082408519233,4.0444595593995745,-1.0
3.3935536797424275,5.203463635867223,-1.0
4.243649254715697,3.5777462904023256,-1.0
4.353427115757474,3.9184519963856053,-1.0
6.687141635072565,5.8816397569494505,-1.0
4.992027358683383,6.479944138890026,-1.0
5.077368307647618,4.138715798671736,-1.0
6.5231240772696575,5.538910043684659,-1.0
3.962753845673544,4.8096613219163915,-1.0
4.124381746615243,3.617200269035664,-1.0
5.926177547531641,6.9094166404701305,-1.0
3.6014324261808586,5.562969236690571,-1.0
4.3493574308781735,4.512874616235304,-1.0
4.407606075761131,4.136009230320184,-1.0
5.048521627944827,4.169049883588962,-1.0
5.2704568257798385,4.949761890550863,-1.0
4.76105195313359,4.092436337958402,-1.0
4.423228669431667,5.755391225825756,-1.0
5.500917187624381,4.022444755201449,-1.0
5.099332305429225,5.751387123371789,-1.0
3.3305947188786282,5.543360192379935,-1.0
4.337376241054153,5.570598668593159,-1.0
4.236740843457483,3.195117899335481,-1.0
3.3724575621168373,5.048084946661382,-1.0
5.259722501721482,4.095683374895591,-1.0
5.638592458777374,3.33847993773104,-1.0
4.9339202013526835,3.7889838002375433,-1.0
4.3481638921978405,5.047398671316414,-1.0
4.139586634716047,4.615444455770175,-1.0
6.0062928092144405,4.423108130476852,-1.0
5.835692112065142,3.870293145342382,-1.0
5.529804177915283,6.4415686206579,-1.0
2.5283554998727107,4.203104744529523,-1.0
5.57707212718054,4.796954613957007,-1.0
5.371145873371309,4.39601481328418,-1.0
5.0865897874729,4.84432276460792,-1.0
6.167782061659807,5.254420843301213,-1.0
5.337602662075202,4.588123033877532,-1.0
4.512393775927507,4.5674418121803795,-1.0
5.394452142378297,4.5790155191797375,-1.0
5.289774856896413,7.075400798645439,-1.0
5.8711247034316925,4.6739764678321585,-1.0
6.201213922163944,4.591924626978448,-1.0
2.961875464822146,3.9919136890825957,-1.0
3.1292080789741443,4.648486515958691,-1.0
5.018418379189551,6.676437312275283,-1.0
5.326927373764162,4.780899471191136,-1.0
5.829405581183489,2.788864690992115,-1.0
5.235614558108566,5.770865193886967,-1.0
3.5214137542201582,6.143754043206929,-1.0
5.338496407494414,4.584712086099199,-1.0
5.632781866106285,7.270692857804396,-1.0
5.1818662550584955,5.248220586300336,-1.0
4.540639100459756,4.150155630535208,-1.0
5.830335816544245,4.1439161740911326,-1.0
5.071566237219392,4.522342553234884,-1.0
5.478979825746392,5.333662105286948,-1.0
6.037539944257899,4.489983601145253,-1.0
4.730125064706629,4.021236284217693,-1.0
4.555706739923888,5.377300493044852,-1.0
5.756988616645351,4.077834675822374,-1.0
5.86960592010566,6.3556378588049505,-1.0
5.413434903223701,6.876795812558066,-1.0
4.2262108008964265,3.755345296688583,-1.0
3.2212797510957216,6.496044311489183,-1.0
5.654365656354058,4.944415329089545,-1.0
5.27996862631982,3.8745109527016233,-1.0
7.445751979616826,5.129221181975227,-1.0
5.109394794604893,5.725766623898692,-1.0
5.481009231736714,5.223884024279132,-1.0
4.209525544554688,5.471468357135996,-1.0
6.882024496475034,6.3454200461549775,-1.0
6.5931866266393975,4.488784323568815,-1.0
4.010395179741419,4.874213079900352,-1.0
5.055724912288695,6.094191518470948,-1.0
3.307535370285181,6.529550319460614,-1.0
4.8419921014210106,4.57311893005258,-1.0
3.9878956247398323,3.3451433281342307,-1.0
5.823170583961915,5.073317967188403,-1.0
3.710039100258946,3.704921227936384,-1.0
4.664215300709872,6.669021525289393,-1.0
4.740408648636395,3.496857046881894,-1.0
4.754256935914055,4.72727643025233,-1.0
2.3031133570584283,4.945705133482188,-1.0
4.769065469791322,5.696206364813419,-1.0
6.848956094945345,6.126565029547757,-1.0
4.731111309445169,3.8934740912583297,-1.0
7.57335980324986,5.059218434014488,-1.0
5.013929291912946,4.975874912889997,-1.0
5.198084760767855,4.855639588076057,-1.0
4.4263379931197635,4.453141058759607,-1.0
4.9672467297840015,4.456575228866235,-1.0
4.287154217322835,5.106430227691897,-1.0
4.745022782579145,6.503992988582689,-1.0
2.349030191606988,6.091506851922462,-1.0
6.246085192497629,2.9266097675918505,-1.0
4.657312405919651,4.628559134004209,-1.0
3.5924883052821786,4.222183312409125,-1.0
3.8894241545341712,6.7522704434236225,-1.0
5.9356783931474615,6.2715550949941585,-1.0
5.7216720640432355,3.870948228782771,-1.0
4.475479733720226,5.489374561227918,-1.0
3.7778721911080546,5.712998430172388,-1.0
4.759674601841865,4.625179192450402,-1.0
5.7109599682034915,5.44426331148604,-1.0
4.63903383418092,6.159329803364248,-1.0
3.9189366724001027,5.615935606944264,-1.0
5.593101257968383,4.690453560686009,-1.0
5.326133022242118,3.748886423614697,-1.0
5.924027019206901,4.8150978635570105,-1.0
4.47727697948096,6.0490092258368895,-1.0
4.29565630945724,3.5915387036364406,-1.0
3.4433708264760963,5.60600995134564,-1.0
3.719570647503717,6.754794181984365,-1.0
2.918070592116278,6.696456368290038,-1.0
5.211017467202619,4.903286888129608,-1.0
4.4550809131910505,5.399136114352071,-1.0
4.962365297575151,6.103301882016521,-1.0
5.114227648662039,5.150301761461877,-1.0
4.636387787786144,4.9430543762789325,-1.0
5.307801768892059,3.289831607343374,-1.0
3.651814577894287,5.743264094022715,-1.0
5.170865438127942,4.8160166636473205,-1.0
5.018433933065393,5.347581705361671,-1.0
4.460240319690638,4.221695274597687,-1.0
5.195845255097682,4.021627222384968,-1.0
5.4082527557144715,3.2974163957621596,-1.0
6.029155637325644,5.472597482413043,-1.0
5.256029734313875,5.982690983945514,-1.0
6.665474444462577,6.014370065018131,-1.0
3.1591257686683547,3.7204230332642982,-1.0
4.375181422304321,5.026091050210834,-1.0
5.517659020469123,4.274256186846534,-1.0
5.1867667644770785,4.2446170676466775,-1.0
4.388482197008051,3.5933389031517775,-1.0
4.076766753889096,3.6483153943836664,-1.0
4.024126747022668,6.05364179660784,-1.0
4.050601111168057,7.63238206483739,-1.0
5.493317900880889,5.184836123694874,-1.0
4.141642219818786,5.700309879408992,-1.0
4.424362173762226,5.122009814645361,-1.0
7.560084538268795,4.90394010027535,-1.0
6.149273326285676,4.296823574874113,-1.0
4.9650115095030385,6.77080063563551,-1.0
4.373032942212233,6.8124485579969285,-1.0
5.707751935455476,4.437533224105732,-1.0
5.632407739055521,5.97255444962673,-1.0
5.621809962217196,3.429775280109544,-1.0
4.272862824175132,4.752481364448495,-1.0
4.925566570899954,5.620672097550678,-1.0
5.177701000933254,3.6646556412898987,-1.0
5.380197851005963,5.6105857452838235,-1.0
5.559790447931039,6.080780725554622,-1.0
5.833922154548904,5.459180079228437,-1.0
4.929834288541353,3.3390390664840086,-1.0
5.4296182191325855,5.207687687163111,-1.0
5.271578837195373,3.723251424179691,-1.0
3.9189434595917376,6.053152853332904,-1.0
4.960444846143345,5.681500697372624,-1.0
5.0283183761304615,5.0297561394957455,-1.0
5.938283805975997,4.4839552717826265,-1.0
5.0961207769409835,4.537724711294958,-1.0
4.565503772567684,4.690827876531361,-1.0
5.222133771633713,4.5212513783365225,-1.0
6.255756125573521,4.105392697780496,-1.0
4.813128355838641,4.560268941725825,-1.0
6.446977884353733,5.196554776511575,-1.0
6.031844539468635,3.514439626963028,-1.0
5.267050265869258,5.889630795623437,-1.0
5.082283989275425,6.065480375065351,-1.0
4.482711549899628,6.40934744018558,-1.0
7.29889812361925,4.637161439560341,-1.0
4.554497478599228,6.453384477117701,-1.0
6.579572145730713,4.477139972846731,-1.0
4.579813182904143,4.718215391139493,-1.0
3.6555494889657227,4.081348053515802,-1.0
3.9958592332479324,4.232202434895871,-1.0
4.965315112613219,5.234214732536521,-1.0
6.550500492814077,4.001645959261209,-1.0
5.984322398476584,4.786011155774491,-1.0
4.950536290347567,5.674819492166604,-1.0
3.8772779784377014,5.3824097461840505,-1.0
5.166452208213056,5.4924512640081495,-1.0
5.289168643907818,7.455300139910895,-1.0
4.362260015748684,4.469003044998182,-1.0
4.3768594735752355,4.444522880839745,-1.0
4.362612872693482,6.189016531107551,-1.0
6.420504247989855,4.429253706250524,-1.0
4.167644426895771,5.471415556386404,-1.0
4.4477769557190285,5.6329318177555106,-1.0
5.2029230208512995,3.484255885002768,-1.0
6.547505201330061,6.7958776730955215,-1.0
4.387211309515614,4.6122984400640155,-1.0
5.285865390724905,5.3344567899870245,-1.0
5.65854427267283,7.01020453876635,-1.0
4.82305277250595,4.201702755461547,-1.0
3.620680771985473,4.269069960058081,-1.0
4.966873027126203,6.794557863517788,-1.0
4.482388700963829,5.223787951638898,-1.0
4.983577103927248,6.188393273448084,-1.0
7.526932425873621,4.4691312270796795,-1.0
4.510560557481778,6.044160877069072,-1.0
5.681891489626311,6.846707325736034,-1.0
5.583928185325964,4.64070790921294,-1.0
5.590654830692309,6.108703580582908,-1.0
5.820482181197364,5.507274031107298,-1.0
6.066674689589154,6.169295590445673,-1.0
6.382158991037527,5.648709887589643,-1.0
4.832881919683146,5.146713686433323,-1.0
6.206508966508357,4.183064329012764,-1.0
5.368673308872901,4.606661187672639,-1.0
5.028744822934818,6.278451862607299,-1.0
5.191099068019903,5.046436548156149,-1.0
3.640143859020081,5.746253566027221,-1.0
5.645484181141075,7.16325472330546,-1.0
4.692221765046999,5.219150327663939,-1.0
5.2493836837107555,6.577453279763475,-1.0
4.904704467613048,5.2790215257703395,-1.0
5.607896509716539,5.186609123156358,-1.0
4.5535663854494715,5.1940899928983075,-1.0
6.073631749859772,3.9734847005889398,-1.0
5.132969674146876,4.299879185060827,-1.0
6.1950466289248425,3.476813095216225,-1.0
4.441078152728411,5.377211875064521,-1.0
6.56552402923434,4.934249738927012,-1.0
4.444800473306802,6.88115706944059,-1.0
3.5519860995837558,2.801194043379918,-1.0
5.440014450053332,4.497945775647389,-1.0
3.9787671828692868,5.708356447299353,-1.0
5.243800713771199,4.435921369263272,-1.0
3.7196956013291054,5.872457328280145,-1.0
5.650201177958661,4.900824136220617,-1.0
6.846636996047666,3.9299152336738477,-1.0
3.474474829075261,4.3080919301187555,-1.0
4.9544139836445025,5.243339449322692,-1.0
4.75876394214367,5.352055396514297,-1.0
3.748460575809556,6.44376460407326,-1.0
4.917848821607431,6.117295831588128,-1.0
5.342725346377704,5.456753219153784,-1.0
5.569767280232204,5.447708560017315,-1.0
5.642722759867544,6.329152530132431,-1.0
5.19652116970147,5.709003757588512,-1.0
4.910264305712773,6.440117215449472,-1.0
4.32360769794073,6.800940432910815,-1.0
4.9598420493556565,3.569224897881952,-1.0
5.128104414910789,4.318948342525119,-1.0
5.840643548988724,4.3473760206976095,-1.0
4.55381656678522,3.110459269054469,-1.0
4.547693680750923,2.5761206733710433,-1.0
3.4160971765142767,5.760414656144297,-1.0
5.785800158650832,5.425457561784965,-1.0
4.033023856870787,4.9522886438580205,-1.0
4.9963974609094315,3.8416353108074572,-1.0
6.503398301767151,5.877362290575672,-1.0
4.779035826170336,5.026885838994531,-1.0
5.208382807947553,2.9582651315757094,-1.0
4.752822617479403,4.318015752002202,-1.0
3.9983799901050845,4.718899707114045,-1.0
6.797686526849523,5.64084286126701,-1.0
4.428821010217203,5.572582781356159,-1.0
6.399355436586002,5.924633682912769,-1.0
5.059630369920174,4.353063222294426,-1.0
5.69822331361359,5.39348538542175,-1.0
5.895193220027732,5.635171801681969,-1.0
6.049552715319335,4.464764788439432,-1.0
6.317394065634326,5.1975996046924,-1.0
7.0752608726252655,4.310812181910432,-1.0
6.73596380316525,5.197910783462648,-1.0
4.348581996385551,4.5161141659456785,-1.0
4.67965269180568,5.424165946401916,-1.0
5.5228354880355,4.426299996061421,-1.0
4.975645407739017,7.142270358611864,-1.0
6.727543170100711,5.4363236696740325,-1.0
5.0380034781682,5.120031326718261,-1.0
5.613517972730417,3.9772074348015947,-1.0
4.742623462576655,3.3314159261224106,-1.0
5.399223122605279,5.647195939702741,-1.0
4.516813537700626,6.573986763290033,-1.0
3.774234336997659,3.53562511979018,-1.0
5.224451818559972,6.047098302612154,-1.0
6.6839276914578685,4.54111573713106,-1.0
6.078680833431296,4.961491530499293,-1.0
4.82737270005918,5.883659937486672,-1.0
5.65232287841342,3.4236078430157506,-1.0
6.476540349725896,6.380091354147451,-1.0
4.374437298490471,5.395803533437409,-1.0
5.494030186282739,5.260673765823907,-1.0
4.44969484615458,4.328376632061948,-1.0
4.974445929008555,6.172729019259364,-1.0
5.543600154594432,4.629385667913894,-1.0
5.771698710648344,2.1514573793699245,-1.0
6.1487657003721035,3.2602862212219,-1.0
4.637559058596868,3.880330105373856,-1.0
3.705318524279094,6.16082678737852,-1.0
4.5322987986881085,5.346503881730715,-1.0
4.953079421120816,5.477040827223122,-1.0
5.076821891060256,3.7170077758114304,-1.0
5.99626681944714,4.506243416838688,-1.0
3.443418101340249,4.571884839034087,-1.0
6.50075979063431,5.850221742113493,-1.0
4.6513478655921405,4.650742295681571,-1.0
4.678364948782617,7.076747983560841,-1.0
5.381935452231553,5.43004164719107,-1.0
6.030283454031842,5.238789159026513,-1.0
4.740957854179297,4.803650150915022,-1.0
4.928398740585936,4.962777763490158,-1.0
5.72762954363698,5.051945885807299,-1.0
5.73264007721558,4.919283419891418,-1.0
5.07863519031609,3.0017993154678924,-1.0
5.916327674702481,5.346488475897993,-1.0
5.998010109859652,2.1037446218063107,-1.0
7.088374704780728,4.860410371844826,-1.0
6.108182816737516,3.960094072874469,-1.0
5.61277390506257,3.9465844368263436,-1.0
4.376231039304195,6.914031353866786,-1.0
4.809317599236653,5.217432873179723,-1.0
5.8700677306887545,5.495681887972605,-1.0
5.150418905143576,5.3649610024662255,-1.0
7.403415585238275,4.9423812029664145,-1.0
5.201099046714967,6.050654396007612,-1.0
6.105525932957984,6.187030305560381,-1.0
5.638730222029185,3.8569950872695165,-1.0
6.6334315323010955,3.853654606981312,-1.0
5.3026354652390335,4.245724149980642,-1.0
4.935861653407008,5.32876241030348,-1.0
5.3213572154502735,5.421920754235285,-1.0
6.613711269058647,5.453534301513979,-1.0
4.755843364709351,5.964087168288358,-1.0
6.18947048892464,3.7723921848630075,-1.0
5.597400069849858,5.701172742310899,-1.0
4.702436496640008,6.37570681331162,-1.0
4.849944412967473,5.125576453471543,-1.0
4.82692817571613,5.015579047581467,-1.0
3.9037249131047984,3.5599491174057056,-1.0
6.594505063224972,4.153038651681673,-1.0
4.008607650543693,2.846609886396285,-1.0
4.361038252310498,3.6769102065925017,-1.0
6.642015160136369,6.009817089342635,-1.0
4.311849654822276,7.252435805344309,-1.0
5.981765486991594,4.675168616491377,-1.0
2.500594285126427,7.290942572590742,-1.0
3.610427533236404,3.354601253043108,-1.0
6.0225704320096405,7.439752406339273,-1.0
6.384272818510518,5.56390912005236,-1.0
5.594754341665286,5.853415558780307,-1.0
5.758928589786765,5.281191423969376,-1.0
5.104201103951876,4.937406872100477,-1.0
4.246035411133324,4.719324923133226,-1.0
3.3070431858046145,4.90166037320525,-1.0
4.011408892849083,3.896410682784229,-1.0
5.179894151153478,6.392002286344599,-1.0
5.918316606002313,3.4294993963768228,-1.0
4.010371863429662,5.940771187988216,-1.0
4.017512606461691,4.775366850002976,-1.0
5.550052099024552,4.031655545136365,-1.0
5.10537550614596,3.6659745050817953,-1.0
4.398632356048786,5.3197819341425365,-1.0
3.407006266468331,5.440474737960399,-1.0
4.980362201073318,5.5524899544171475,-1.0
5.223914134064661,6.364140429973844,-1.0
5.1252245026479075,4.570594458874747,-1.0
5.122297503032284,5.543298029036388,-1.0
5.048860070325705,5.040591691203883,-1.0
4.298008312193245,4.337099082449052,-1.0
3.5973947282003067,6.749576743186939,-1.0
3.7561367646087147,4.307094802204093,-1.0
4.281592734430802,5.8949243769444415,-1.0
4.705050321707972,6.247742072673734,-1.0
4.326509375756132,5.278994162223802,-1.0
4.164652946740243,7.145149127773388,-1.0
3.812401580970487,5.309820710227028,-1.0
5.633776880932098,5.4137990974514985,-1.0
4.814712341122291,4.870179300266574,-1.0
5.04381147197911,4.852997998371511,-1.0
5.96387911679491,7.210523001591351,-1.0
4.442508214992166,3.630197020420922,-1.0
4.911717951648745,7.579709337654318,-1.0
4.196325432030269,6.6391168054440675,-1.0
6.677700814076441,4.4464117582920055,-1.0
5.5689830791852755,6.628396623128538,-1.0
4.620872259012513,4.796419639897638,-1.0
4.418319086051357,3.985243269307133,-1.0
4.350722454933993,3.7760597332377435,-1.0
5.034083468259226,4.230026768941358,-1.0
5.233785911790748,3.444104353796373,-1.0
5.330880232214457,5.833528961608924,-1.0
3.0062643574285444,5.374056569847572,-1.0
6.227668992473292,3.7903589813087946,-1.0
6.672572386837704,5.419019009366045,-1.0
4.294988144241591,4.944230922342294,-1.0
5.558326912521722,5.076005391412411,-1.0
5.538755992446369,4.079326406920634,-1.0
5.169360824036078,3.58628550309502,-1.0
4.888773938651299,4.09609235853521,-1.0
4.264470057410233,6.236093175210438,-1.0
6.091310120594269,5.609138120907177,-1.0
3.907687235327421,4.683591550305198,-1.0
6.213097699979183,5.141716913639905,-1.0
7.319329539981695,5.3933178393943715,-1.0
5.192049116490032,4.690883535797498,-1.0
5.133540904782282,4.8475301636194565,-1.0
5.708108676688591,5.956702316794584,-1.0
4.21401053949205,3.668767046442222,-1.0
3.1637946268967037,5.507991326912544,-1.0
3.8966333938261264,2.847109407047517,-1.0
5.388578604530964,7.492999517432791,-1.0
4.993929088460106,5.838490774451642,-1.0
5.081829358547565,4.901110346808857,-1.0
5.9190764829877685,4.709725455811348,-1.0
5.267392314071903,5.321697806196013,-1.0
4.331909546356951,5.992042349536523,-1.0
4.825040243304591,4.244254840507155,-1.0
5.536509843570403,4.101532018208963,-1.0
5.028181157369128,4.990881003355796,-1.0
6.085895565831578,5.474698232879953,-1.0
4.974973041254856,5.817766299200287,-1.0
6.390207549017314,5.557810306351862,-1.0
5.01035261984338,3.6881637676498404,-1.0
3.9348863369246274,4.694775295645332,-1.0
4.390487797840716,4.813028697014554,-1.0
5.0566499248971075,5.529692754356731,-1.0
4.9295012219409085,5.486501643826202,-1.0
5.06447441481012,3.0245334336461287,-1.0
4.060664606181246,4.855912444278385,-1.0
3.7903052571588924,5.599928729996204,-1.0
6.530750832343697,6.218761851697317,-1.0
4.786557129069792,6.490726136849952,-1.0
5.148667457202111,4.662914028881961,-1.0
4.38659733645906,4.697530313511872,-1.0
4.611823181458771,5.170416222375488,-1.0
5.160573981049865,5.003046020153414,-1.0
5.43693816974635,6.190646274786341,-1.0
5.949554135441324,3.5151020315500965,-1.0
2.446078865098045,5.934319911239274,-1.0
3.6331213015845787,4.775234598107317,-1.0
3.8298869739406403,3.1980195624199803,-1.0
5.541462728204788,5.7591551603026465,-1.0
4.423489599273281,2.40895770785509,-1.0
4.453755551747517,5.3918040054025465,-1.0
3.5210884312258712,5.183359919779155,-1.0
4.984690150827005,5.579291499601088,-1.0
5.119580368414153,4.026931059118445,-1.0
6.196571501664492,4.84147042697303,-1.0
4.972695460490068,4.066732040926804,-1.0
4.55671774880849,4.115197285973099,-1.0
4.827053940076577,6.7117084801423434,-1.0
3.6280988570686437,3.386438602123259,-1.0
6.471170327493608,4.7906763228481335,-1.0
4.330927261340084,6.039904687396076,-1.0
4.394384460263136,6.826009713546936,-1.0
5.677925871339269,4.5120885918542974,-1.0
7.1573082132655035,4.3942850769966615,-1.0
5.742095372009307,5.299292580406492,-1.0
6.301741289398798,6.561511196726853,-1.0
5.0320041490657665,4.246582129653817,-1.0
5.459972142939116,4.322284630247894,-1.0
7.013387247526623,5.1365353310827375,-1.0
4.634678448687891,5.184680305864909,-1.0
3.6528737104703035,4.028385961489349,-1.0
6.200413907944426,4.343105721028604,-1.0
3.95308901731806,5.536652752527286,-1.0
6.1857041546629965,5.718953310665067,-1.0
5.9960476858058165,4.2432049114305395,-1.0
3.5781893332581562,6.501333651955487,-1.0
4.677320161157864,4.749166983544953,-1.0
6.328194141849058,5.55623000940066,-1.0
5.455887772081607,7.165002344901084,-1.0
4.356481769619857,5.927840128081237,-1.0
5.057013124897084,5.268592278863257,-1.0
6.528468426412532,5.507835756289624,-1.0
5.538296079049633,6.072507337309802,-1.0
4.635047270457115,4.160790332660993,-1.0
3.955190805978966,3.0336434106239984,-1.0
7.056207129940322,3.896791634278317,-1.0
4.778746376414228,4.723186700111079,-1.0
5.307406697809101,5.815737212539297,-1.0
5.860473488359745,4.416922561431061,-1.0
4.832878286213589,5.2825799504883,-1.0
4.751308873816453,6.607345576019993,-1.0
5.490974951638251,5.734877786049817,-1.0
5.662881268667412,6.173473857485325,-1.0
5.181021558703707,3.7031680520441537,-1.0
5.399687951752641,4.348643106208171,-1.0
4.471383318250243,5.586364018755093,-1.0
6.238283071433636,5.021271576736062,-1.0
5.308833012598964,6.702214944635238,-1.0
5.240753179488569,7.601683114180394,-1.0
5.565509645631544,3.239237240844182,-1.0
5.753341621104532,5.381158384882777,-1.0
6.289752754082746,5.6731813512699585,-1.0
4.861544016016226,3.775701763710634,-1.0
4.7909767427139744,4.1494795457907,-1.0
4.419476550195277,5.58857840442061,-1.0
6.669904504351406,5.394671529822981,-1.0
3.8041169379648156,5.44460266822014,-1.0
6.196631486645651,4.390217095680618,-1.0
4.865982833327083,5.014688194729197,-1.0
4.21510168691776,5.648280433843859,-1.0
4.8790518513922185,5.419532443907028,-1.0
4.1125078221979,4.56254169967659,-1.0
5.722381357827771,4.627166847908233,-1.0
6.726963851233405,4.600363814385398,-1.0
5.224684725751886,5.93259083187309,-1.0
3.5816342670669683,3.239191188019224,-1.0
3.474343685429905,6.262584103427182,-1.0
4.448141854107553,7.558199285668252,-1.0
4.4357524013426115,5.184551303197037,-1.0
6.542109952567875,7.006092888159123,-1.0
7.061503576636397,6.208366230593143,-1.0
6.024062525811463,5.592526949201183,-1.0
5.778361076166638,4.448814283671466,-1.0
4.1818011165776925,4.996625542589048,-1.0
4.829815377475072,4.546771950672725,-1.0
5.696387447456715,5.955305208570511,-1.0
5.088406886291847,6.477530081055262,-1.0
3.858310885866495,4.8063405407202815,-1.0
4.283177679397195,3.13346338292694,-1.0
4.917319314157301,4.878252491616716,-1.0
6.5134497432421306,5.630811684554778,-1.0
3.975813175670795,6.854092566334188,-1.0
6.221033695525353,5.582097703468616,-1.0
4.773515901150168,4.04056076327652,-1.0
4.627793223928947,6.088748619704186,-1.0
6.884586305934609,6.543243528272189,-1.0
4.511150578213726,3.880382566710989,-1.0
5.1408862469112035,3.231560634437148,-1.0
5.323167714184781,4.852397413701332,-1.0
4.533963498131758,3.4052969327332043,-1.0
5.513600106569717,4.467299160338088,-1.0
3.8300831642897117,2.1277377867183507,-1.0
4.972485094949364,6.772251596669744,-1.0
6.66125921454787,4.542903743413728,-1.0
4.39778793963822,5.468774256075024,-1.0
4.001614560811708,5.301791899819466,-1.0
5.76608027838469,6.226933223884307,-1.0
4.899845923520047,4.796326249823034,-1.0
4.122017413243439,4.17311964596014,-1.0
4.773521108098473,5.367365506816178,-1.0
5.913584626233249,4.196821049319655,-1.0
6.4926885689595215,4.728876398957431,-1.0
4.978632705651564,4.252788320852177,-1.0
2.5757597397270584,5.884045396361049,-1.0
5.736843897092434,4.718672442881787,-1.0
5.066990717224872,5.5159392177041,-1.0
3.4374541431134573,4.470947322653705,-1.0
5.794264679621827,3.7457105768307506,-1.0
5.293557932166629,3.643418195376595,-1.0
5.466429982433526,4.964358517702516,-1.0
3.3848681840944908,6.164739354457171,-1.0
4.265408423201951,4.189747562985619,-1.0
5.2005691972309425,6.148637349428715,-1.0
3.984178181021603,5.061679849847971,-1.0
5.428816500330573,5.693105607263144,-1.0
5.176441555277226,4.632972160916678,-1.0
4.17240977935128,5.0861438830463745,-1.0
3.927860988014393,2.0786495165053926,-1.0
5.4365598041576675,5.903934841086195,-1.0
2.6370675644581616,3.9902692952900622,-1.0
5.619154261005198,7.057495469711698,-1.0
5.020793707675408,4.271997058770865,-1.0
4.81710355889516,6.374876419148185,-1.0
4.354035820875465,4.200807993349747,-1.0
4.517256477817968,4.046671391741287,-1.0
5.122670315994796,6.62467845846956,-1.0
5.323079273116029,4.7476464978737125,-1.0
4.708188731084456,3.436809191303343,-1.0
5.883109777147159,4.922162802987198,-1.0
4.819520086409375,8.19310756784486,-1.0
5.298752908365686,4.248208949904816,-1.0
4.573642403794457,6.148445709196755,-1.0
5.113270410537765,3.561722021682633,-1.0
5.919228934575203,4.331855914461006,-1.0
6.873297776217545,6.0800480657146485,-1.0
4.552678104341249,6.281016361735113,-1.0
5.067855510527403,5.8527736751222195,-1.0
5.484732817294475,4.153643345009127,-1.0
4.356450167682538,6.029960817581161,-1.0
4.665224667893459,4.596351536758004,-1.0
4.044877420650647,5.423599065593461,-1.0
7.062524919243145,3.932467085745727,-1.0
5.024219456672758,6.412220555415429,-1.0
4.9203586087542845,5.452371796249734,-1.0
3.9376064718531203,5.428307097207648,-1.0
4.812855734995451,5.985729995679863,-1.0
6.187386051564751,7.589563642018614,-1.0
5.579633173213575,5.325796316582166,-1.0
5.194384301577336,4.6468337071893115,-1.0
5.338483843461691,4.704598589860971,-1.0
5.168460976269614,6.31759753560796,-1.0
3.9934574347203586,6.139878561129045,-1.0
6.3171150673398655,4.881931473008922,-1.0
2.8781451009914054,4.392178012905568,-1.0
6.296994546561109,4.977131937701118,-1.0
4.0006977677050894,4.4952250787717825,-1.0
5.840620026504553,5.546733568201379,-1.0
4.761067900830306,4.6331755881853125,-1.0
4.608241850956178,4.077589815501497,-1.0
6.615375689469442,4.6776795307886605,-1.0
6.217158520825496,6.521316051922451,-1.0
5.9983108981479605,4.5683796872819515,-1.0
5.40373009033661,4.975804393609084,-1.0
4.096298139269872,5.324359281721603,-1.0
3.8209602088401975,6.1876793884615635,-1.0
4.535382702701607,5.201159655872839,-1.0
5.283287871546142,4.741095026295922,-1.0
5.586693801475275,4.525096343377475,-1.0
5.871297297457244,3.6540203197532515,-1.0
5.126379579546412,6.938928999058285,-1.0
3.9996686753944255,4.322255029475149,-1.0
5.513907849658915,5.179581781939598,-1.0
5.350630099273559,5.489187130147664,-1.0
5.63472146856177,6.109699841956223,-1.0
5.409818656928513,4.7587423453814575,-1.0
5.672573701202731,6.899881934895216,-1.0
4.867366253617426,4.025470695329359,-1.0
6.107080669286972,4.879618836046402,-1.0
2.827330453985964,5.847421677150422,-1.0
4.464671814046078,4.909466717695839,-1.0
5.3319803305690145,5.190499679779067,-1.0
5.70945181713904,4.564513629430157,-1.0
5.513105798176083,4.740453322416083,-1.0
5.738810480887503,5.615367484013054,-1.0
4.064561297955405,6.085982116175032,-1.0
4.464036554885952,5.808057798281145,-1.0
5.367287313401341,6.838183676795122,-1.0
4.776534017628148,4.650683203881803,-1.0
4.980580394112267,4.696820217165724,-1.0
5.79994190194205,3.3836893915634123,-1.0
3.9463175808536457,3.932197078420807,-1.0
5.9503075919735755,6.710613372581925,-1.0
4.8955507814625285,4.83117827680999,-1.0
5.070052163113181,6.161878302608191,-1.0
4.072646865809426,5.2383689827347855,-1.0
5.975197629782429,5.5010941699398455,-1.0
5.189581616598743,6.001046092567141,-1.0
2.296767707000763,5.677875319530908,-1.0
4.345924316872576,3.169367103143543,-1.0
5.511202599524981,6.373658545162957,-1.0
4.862551485372308,5.9528745472029385,-1.0
6.612278257988645,6.314914453584048,-1.0
6.639964529371393,5.7421274910718925,-1.0
5.075433638901592,3.3980341881028315,-1.0
4.753937511870052,4.156753404683808,-1.0
7.170942717497814,4.824114187567663,-1.0
5.123204806784486,5.551485376040468,-1.0
5.043602446372454,6.695051040430753,-1.0
4.377350638265548,5.194607455237243,-1.0
4.257529414301952,3.6799774887792944,-1.0
4.388230909094714,4.962963202951588,-1.0
4.57069777548274,4.307579020126144,-1.0
3.593682536328166,4.9168944273713056,-1.0
3.4952796259689975,5.760055963689602,-1.0
5.082439752934503,3.5424485005350697,-1.0
4.6907909229501366,4.247843594409417,-1.0
5.31917451041918,6.340450446023144,-1.0
3.1248275303542554,5.115026079147417,-1.0
4.83986720443336,5.671340076450465,-1.0
5.213196628237689,4.248030668261181,-1.0
4.680946064333382,4.203974143196511,-1.0
6.076007138598598,5.021311648671942,-1.0
6.901190685753008,4.9393391861853795,-1.0
4.291593233089538,3.486285607387173,-1.0
3.1968603237440547,3.4158640569945105,-1.0
5.267126651011483,5.508725023229934,-1.0
3.418809297967867,5.895038314076116,-1.0
4.516938948316561,5.146793011985549,-1.0
6.612220628255424,5.896839315865532,-1.0
4.731469352094168,4.1088077745847125,-1.0
2.848184598670695,4.28084668075758,-1.0
4.788869761172306,4.012820472848816,-1.0
4.8687430329076955,5.076851882958768,-1.0
4.775144018191922,4.349997419176541,-1.0
5.168654671966728,5.441940649569409,-1.0
3.909600922557154,6.41093237974627,-1.0
4.901411867715738,5.018849622944848,-1.0
5.708214423256557,5.233216131263502,-1.0
5.953136633913245,5.287124165201824,-1.0
4.387562625359562,5.361503525206102,-1.0
3.856273792679338,5.108559705776523,-1.0
4.966770009355539,4.79188314272746,-1.0
4.871462488561069,3.1181509545023607,-1.0
4.4512750922590385,5.092844901141115,-1.0
5.1598563919974,3.9723248590740416,-1.0
6.2657078408647005,4.1338251517855,-1.0
5.969457200526737,5.427194361871685,-1.0
4.353772690156197,6.775310892609512,-1.0
3.8063631682435197,5.919154173610002,-1.0
6.000582318042978,4.329379790923355,-1.0
6.392465300064329,4.749953485401047,-1.0
5.288693629279857,5.260321838771221,-1.0
4.865691258529452,5.8108082731597825,-1.0
5.793488720552213,3.2514680267618195,-1.0
6.304340242878153,3.3375080119643257,-1.0
6.032546204341657,6.126705136827583,-1.0
3.9090335697848015,4.589185712045415,-1.0
3.8942953315140643,4.785078969711265,-1.0
4.691965715814259,5.7796605322693395,-1.0
6.310308746119608,6.395683810789956,-1.0
4.437831973421698,4.790778126255472,-1.0
3.31656180777905,4.194129933503811,-1.0
5.9648516330974575,6.615582823548232,-1.0
3.765651128120078,4.407535740847106,-1.0
4.973594243041073,5.280161158819607,-1.0
4.190396480078354,5.424061044464089,-1.0
4.526160652929084,4.985547729121721,-1.0
5.546284248003699,5.006422269810938,-1.0
4.5636141094734315,4.890390196074169,-1.0
4.911637040794664,4.629988970117872,-1.0
4.741203937332898,6.598647170504717,-1.0
5.560919447941239,4.704519681970839,-1.0
5.696954404510736,4.66618051024399,-1.0
6.173124637586641,5.369642192198094,-1.0
4.892697855995771,5.447716925810278,-1.0
3.4291238479315007,3.8732325310901947,-1.0
3.8060749936009444,5.142943094763707,-1.0
6.732514999485092,7.231300146192632,-1.0
5.638051101440757,5.500844474944457,-1.0
3.1989422658472613,4.457326200265978,-1.0
4.212216248091761,4.379152401748884,-1.0
4.83185618141521,4.527909422302873,-1.0
3.020700189624212,5.7479102561175335,-1.0
3.9272569742601933,5.239246864111149,-1.0
7.0740826697499735,4.080615408413577,-1.0
2.4697124772536703,4.713995778119889,-1.0
6.100959634998571,6.958347454220593,-1.0
3.7704504055475834,5.496699223236522,-1.0
4.5346895432199466,4.894051645695864,-1.0
7.644343347017035,3.497029671604847,-1.0
5.253739661494573,5.467693171765434,-1.0
6.085786324939347,5.097983153470896,-1.0
5.308050539504102,4.608351432578209,-1.0
5.269126941245108,4.656807724502589,-1.0
5.6215718898560505,4.630389663956366,-1.0
5.377100393902187,4.970737186315022,-1.0
6.126050250772169,4.948606276411514,-1.0
3.2269675317931186,6.261921500713992,-1.0
4.094267699137381,4.34623366135118,-1.0
4.404338705956508,6.374438093170817,-1.0
2.8643257860213045,8.137748533659995,-1.0
6.056056809066051,5.223238914129159,-1.0
4.945105999383713,5.285554074857657,-1.0
5.521122428379338,5.645215585950057,-1.0
5.555604466003448,5.089580681255248,-1.0
4.802661579692674,4.848726716346488,-1.0
4.805091719647319,6.133770096867065,-1.0
5.593556722280862,2.0596113653357198,-1.0
5.655900776529761,5.194736194718775,-1.0
4.981291243554103,4.611481546911114,-1.0
6.124112719986013,5.947526462122858,-1.0
4.227122332176391,5.407052287124535,-1.0
4.028343265458714,3.6203818352110693,-1.0
4.3732827754100345,5.862393472382759,-1.0
5.953125045376087,5.513085420097293,-1.0
5.725095786847997,5.5161782871149585,-1.0
4.3585184047770476,5.431922544673941,-1.0
5.800409525227682,5.754291329813574,-1.0
6.1889133714746425,5.708303847201064,-1.0
5.351448207541583,6.070150238316428,-1.0
4.97347874075094,4.118125348772282,-1.0
4.836933036056236,4.255097355193551,-1.0
