feat_0,feat_1,feat_2,target
0.4967141530112327,-0.13826430117118466,0.6476885381006925,1.0
1.5230298564080254,-0.23415337472333597,-0.23413695694918055,1.0
1.5792128155073915,0.7674347291529088,-0.4694743859349521,1.0
0.5425600435859647,-0.46341769281246226,-0.46572975357025687,1.0
0.24196227156603412,-1.913280244657798,-1.7249178325130328,1.0
-0.5622875292409727,-1.0128311203344238,0.3142473325952739,1.0
-0.9080240755212109,-1.4123037013352915,1.465648768921554,1.0
-0.22577630048653566,0.06752820468792384,-1.4247481862134568,1.0
-0.5443827245251827,0.11092258970986608,-1.1509935774223028,1.0
0.37569801834567196,-0.600638689918805,-0.2916937497932768,1.0
-0.6017066122293969,1.8522781845089378,-0.013497224737933921,1.0
-1.0577109289559004,0.822544912103189,-1.2208436499710222,1.0
0.2088635950047554,-1.9596701238797756,-1.3281860488984305,1.0
0.19686123586912352,0.7384665799954104,0.1713682811899705,1.0
-0.11564828238824053,-0.3011036955892888,-1.4785219903674274,1.0
-0.7198442083947086,-0.4606387709597875,1.0571222262189157,1.0
0.3436182895684614,-1.763040155362734,0.324083969394795,1.0
-0.38508228041631654,-0.6769220003059587,0.6116762888408679,1.0
1.030999522495951,0.9312801191161986,-0.8392175232226385,1.0
-0.3092123758512146,0.33126343140356396,0.9755451271223592,1.0
-0.47917423784528995,-0.18565897666381712,-1.1063349740060282,1.0
-1.1962066240806708,0.812525822394198,1.356240028570823,1.0
-0.07201012158033385,1.0035328978920242,0.36163602504763415,1.0
-0.6451197546051243,0.36139560550841393,1.5380365664659692,1.0
-0.03582603910995154,1.5646436558140062,-2.6197451040897444,1.0
0.8219025043752238,0.08704706823817122,-0.29900735046586746,1.0
0.0917607765355023,-1.9875689146008928,-0.21967188783751193,1.0
0.3571125715117464,1.477894044741516,-0.5182702182736474,1.0
-0.8084936028931876,-0.5017570435845365,0.9154021177020741,1.0
0.32875110965968446,-0.5297602037670388,0.5132674331133561,1.0
0.09707754934804039,0.9686449905328892,-0.7020530938773524,1.0
-0.3276621465977682,-0.39210815313215763,-1.4635149481321186,1.0
0.29612027706457605,0.26105527217988933,0.00511345664246089,1.0
-0.23458713337514692,-1.4153707420504142,-0.42064532276535904,1.0
-0.3427145165267695,-0.8022772692216189,-0.16128571166600914,1.0
0.4040508568145384,1.8861859012105302,0.17457781283183896,1.0
0.25755039072276437,-0.07444591576616721,-1.9187712152990415,1.0
-0.026513875449216878,0.06023020994102644,2.463242112485286,1.0
-0.19236096478112252,0.30154734233361247,-0.03471176970524331,1.0
-1.168678037619532,1.1428228145150205,0.7519330326867741,1.0
0.7910319470430469,-0.9093874547947389,1.4027943109360992,1.0
-1.4018510627922809,0.5868570938002703,2.1904556258099785,1.0
-0.9905363251306883,-0.5662977296027719,0.09965136508764122,1.0
-0.5034756541161992,-1.5506634310661327,0.06856297480602733,1.0
-1.0623037137261049,0.4735924306351816,-0.9194242342338032,1.0
1.5499344050175394,-0.7832532923362371,-0.3220615162056756,1.0
0.8135172173696698,-1.2308643164339552,0.22745993460412942,1.0
1.307142754282428,-1.6074832345612275,0.1846338585323042,1.0
0.25988279424842353,0.7818228717773104,-1.236950710878082,1.0
-1.3204566130842763,0.5219415656168976,0.29698467323318606,1.0
0.25049285034587654,0.3464482094969757,-0.6800247215784908,1.0
0.23225369716100355,0.29307247329868125,-0.7143514180263678,1.0
1.8657745111447566,0.4738329209117875,-1.1913034972026486,1.0
0.6565536086338297,-0.9746816702273214,0.787084603742452,1.0
1.158595579007404,-0.8206823183517105,0.9633761292443218,1.0
0.4127809269364983,0.82206015999449,1.8967929826539474,1.0
-0.2453881160028705,-0.7537361643574896,-0.8895144296255233,1.0
-0.8158102849654383,-0.0771017094141042,0.3411519748166439,1.0
0.27669079933001905,0.8271832490360238,0.01300189187790702,1.0
1.4535340771573169,-0.2646568332379561,2.720169166589619,1.0
0.6256673477650062,-0.8571575564162826,-1.0708924980611123,1.0
0.4824724152431853,-0.2234627853258509,0.714000494092092,1.0
0.47323762457354485,-0.07282891265687277,-0.846793718068405,1.0
-1.5148472246858646,-0.4465149520670211,0.8563987943234723,1.0
0.21409374413020396,-1.245738778711988,0.173180925851182,1.0
0.3853173797288368,-0.883857436201133,0.1537251059455279,1.0
0.058208718445999896,-1.142970297830623,0.3577873603482833,1.0
0.5607845263682344,1.083051243175277,1.053802052034903,1.0
-1.377669367957091,-0.9378250399151228,0.5150352672086598,1.0
0.5137859509122088,0.5150476863060479,3.852731490654721,1.0
0.570890510693167,1.135565640180599,0.9540017634932023,1.0
0.651391251305798,-0.3152692446403456,0.7589692204932674,1.0
-0.7728252145375718,-0.23681860674000887,-0.48536354782910346,1.0
0.08187413938632256,2.3146585666735087,-1.867265192591748,1.0
0.6862601903745135,-1.6127158711896517,-0.47193186578943347,1.0
1.088950596967366,0.06428001909546277,-1.0777447779293061,1.0
-0.7153037092599682,0.6795977489346758,-0.7303666317171367,1.0
0.21645858958197486,0.045571839903813784,-0.6516003476058171,1.0
2.1439440893253257,0.6339190223180112,-2.025142586657607,1.0
0.18645431476942764,-0.661786464768388,0.852433334796224,1.0
-0.7925207384327007,-0.11473644146689901,0.5049872789804571,1.0
0.8657551941701215,-1.2002964070557762,-0.3345012358409484,1.0
-0.4749453111609562,-0.6533292325737119,1.7654542402810969,1.0
0.40498171096095553,-1.2608839543350452,0.9178619470547761,1.0
2.1221561970126332,1.0324652605511468,-1.5193699659540134,1.0
-0.48423407286625136,1.2669111491866227,-0.7076694656187807,1.0
0.44381942814622843,0.7746340534293368,-0.926930471578083,1.0
-0.05952535606180008,-3.2412673400690726,-1.0243876413342898,1.0
-0.2525681513931603,-1.2477831819648495,1.6324113039316352,1.0
-1.4301413779606327,-0.44004448669698376,0.13074057728609134,1.0
1.4412732890661155,-1.4358621511794394,1.1631637521549596,1.0
0.010233061019587049,-0.9815086510479509,0.46210347426327075,1.0
0.19905969557347003,-0.6002168771587947,0.06980208499001891,1.0
-0.3853135968617602,0.11351734525124804,0.6621306745210467,1.0
1.586016816145352,-1.237815498826849,2.1330333746562666,1.0
-1.9520877995225019,-0.15178509503558332,0.5883172064845765,1.0
0.28099186773503265,-0.6226995198205938,-0.20812225035727522,1.0
-0.4930009346588328,-0.5893647569442115,0.8496020970210246,1.0
0.35701548596504734,-0.6929095952606542,0.8995998754332507,1.0
0.30729952087660933,0.8128621188389601,0.6296288419236122,1.0
-0.8289950109220723,-0.5601810401969696,0.7472936051232618,1.0
0.6103702654334648,-0.020901593964148132,0.117327383308782,1.0
1.277664895788425,-0.5915713888358299,0.5470973811700379,1.0
-0.20219265243389406,-0.2176812032272203,1.09877685198719,1.0
0.8254163489880298,0.8135096360006385,1.305478807154329,1.0
0.02100384163275905,0.6819529712949639,-0.31026675659345604,1.0
0.3241663524884421,-0.13014305436768459,0.09699596499271819,1.0
0.5951570254369136,-0.8182206832334725,2.0923872756854602,1.0
-1.006017381499702,-1.2141886127877322,1.1581108735000678,1.0
0.7916626939629359,0.6241198170521551,0.6283455092642799,1.0
-0.012246772846914623,-0.8972543714858315,0.07580455819372633,1.0
-0.6771617115121117,0.9751197334177512,-0.14705738150213865,1.0
-0.8254971967925115,-0.32138584165299344,0.41293145427562433,1.0
-0.5637245528039747,-0.8222203955664315,0.2436872114919123,1.0
0.24496657110872277,-0.5069431753711298,-0.4710383056183228,1.0
0.2320499373576363,-1.4480843414973241,-1.4074637743765552,1.0
-0.718444221252436,-0.21344715171184725,0.3109075655980046,1.0
1.475356216949552,0.8576596232020194,-0.1599385299634271,1.0
-0.01901620790268883,-1.0025293646378088,-0.01851313599238993,1.0
-0.2886586389201383,0.3227185603380895,-0.827230943552323,1.0
0.5193465142411723,1.5327389130025777,-0.1087601484568576,1.0
0.40171172209894146,0.6901439917111125,-0.40122047188583626,1.0
0.22409248181041677,0.01259240078179486,0.09767609854883172,1.0
-0.7730097838554665,0.024510174258942714,0.49799829124544975,1.0
1.4511436077950417,0.9592708260852069,2.1531824575115563,1.0
-0.7673475628880495,0.8723206367206782,0.18334200573835174,1.0
2.1898029332176723,-0.8082982853551515,-0.8397218421807761,1.0
-0.5993926454440222,-2.123895724309807,-0.525755021680761,1.0
-0.759132661553698,0.15039378647620763,0.34175597577715944,1.0
1.8761708392158862,0.9504238381860503,-0.5769036556624031,1.0
-0.898414671348358,0.4919191715065057,-1.3202332070206422,1.0
1.8314587658543537,1.179440120721287,-0.4691756521047048,1.0
-1.7131345290908775,1.3538723741654128,-0.11453984525261789,1.0
1.2378163119734618,-1.594427658794367,-0.5993750229537729,1.0
0.005243699718183166,0.046980593764742055,-0.45006547147924364,1.0
0.6228499323474987,-1.0676204293825944,-0.1423794850212935,1.0
0.12029563171189886,0.514438834058749,0.7116148780888898,1.0
-1.1246420918378692,-1.5341141707356223,1.277676821898509,1.0
0.33231401197959165,-0.7484865365565536,1.551151975522523,1.0
0.11567463429285867,1.1792971840638264,0.06751848141010895,1.0
2.060747924881987,1.7553408424432044,-0.2489641484790735,1.0
0.9715709509543554,0.6453759495851475,1.3686315575323487,1.0
-0.9649234605801045,0.6860514599984393,1.0584244868495878,1.0
-1.7587394864231143,-1.183258512665775,-2.0392321777601006,1.0
-0.26940683444455776,0.7175422557959623,1.502357052096028,1.0
0.07409478041977519,1.6286155455712918,-1.3801014582148914,1.0
-1.7033824393551547,-0.05554769889661878,0.3840654489393073,1.0
-0.03269474809409311,-2.0674421000398766,-0.08912003951278841,1.0
-1.3044695005048532,0.6696725488300385,0.36659824609684827,1.0
-0.9398797863273552,-0.5138669173366935,-1.0592135218889516,1.0
-0.06267909727317188,0.9551423205012383,-0.9857260463355437,1.0
0.5040465155178444,-0.5302576183724408,-0.7928728322623442,1.0
-0.10703035995455783,-1.035242322419374,-0.553649305347182,1.0
-1.1978778925888485,1.9647251329163893,0.03526355197172861,1.0
-0.6997255079925856,0.213979910734222,-0.11232804969082982,1.0
-0.22096959953322298,0.6141667000434252,0.7575077100473051,1.0
-0.5305011476105275,-0.57581824064468,-0.275051697151644,1.0
-2.301921164735585,-1.5151910621985523,1.3668742674445247,1.0
1.6449677135012837,-0.24903603955637832,0.5765569630557664,1.0
0.3112501545435361,3.0788808084552377,1.1195749114345768,1.0
-0.12791759148076653,-0.9555404406004258,-1.6064463202575725,1.0
0.2034636358672231,-0.7563507452843033,-1.4222537095976742,1.0
-0.6465728842425266,-1.081548003614395,1.6871416350725648,1.0
0.8816397569494505,-0.007972641316617372,1.4799441388900259,1.0
0.0773683076476183,-0.8612842013282637,1.5231240772696573,1.0
0.5389100436846587,-1.0372461543264564,-0.1903386780836082,1.0
-0.8756182533847572,-1.382799730964336,0.9261775475316414,1.0
1.9094166404701305,-1.3985675738191412,0.5629692366905709,1.0
-0.6506425691218269,-0.48712538376469605,-0.5923939242388692,1.0
-0.863990769679816,0.04852162794482699,-0.8309501164110378,1.0
0.2704568257798388,-0.05023810944913695,-0.23894804686640975,1.0
-0.9075636620415979,-0.5767713305683327,0.755391225825756,1.0
0.5009171876243808,-0.977555244798551,0.09933230542922587,1.0
0.751387123371789,-1.6694052811213718,0.543360192379935,1.0
-0.6626237589458467,0.5705986685931593,-0.7632591565425169,1.0
-1.804882100664519,-1.6275424378831627,0.048084946661381994,1.0
0.25972250172148187,-0.9043166251044086,0.6385924587773739,1.0
-1.6615200622689599,-0.06607979864731657,-1.2110161997624567,1.0
-0.6518361078021592,0.047398671316414016,-0.8604133652839524,1.0
-0.38455554422982535,1.0062928092144405,-0.5768918695231487,1.0
0.8356921120651418,-1.129706854657618,0.5298041779152828,1.0
1.4415686206579004,-2.4716445001272893,-0.7968952554704768,1.0
0.57707212718054,-0.2030453860429927,0.37114587337130883,1.0
-0.6039851867158206,0.08658978747289992,-0.15567723539207948,1.0
1.1677820616598074,0.2544208433012131,0.3376026620752022,1.0
-0.4118769661224674,-0.48760622407249354,-0.4325581878196209,1.0
0.39445214237829684,-0.42098448082026296,0.2897748568964129,1.0
2.075400798645439,0.8711247034316923,-0.32602353216784113,1.0
1.2012139221639448,-0.4080753730215514,-2.038124535177854,1.0
-1.008086310917404,-1.8707919210258557,-0.35151348404130867,1.0
0.0184183791895517,1.6764373122752827,0.32692737376416264,1.0
-0.21910052880886424,0.8294055811834892,-2.211135309007885,1.0
0.23561455810856594,0.7708651938869668,-1.4785862457798415,1.0
1.143754043206929,0.3384964074944141,-0.4152879139008013,1.0
0.6327818661062848,2.270692857804396,0.18186625505849516,1.0
0.24822058630033608,-0.4593608995402441,-0.8498443694647918,1.0
0.8303358165442456,-0.8560838259088672,0.07156623721939247,1.0
-0.4776574467651167,0.47897982574639186,0.3336621052869483,1.0
1.0375399442578992,-0.510016398854747,-0.26987493529337125,1.0
-0.9787637157823074,-0.4442932600761116,0.3773004930448522,1.0
0.7569886166453519,-0.9221653241776254,0.8696059201056602,1.0
1.355637858804951,0.41343490322370086,1.876795812558066,1.0
-0.773789199103573,-1.244654703311417,-1.7787202489042786,1.0
1.496044311489183,0.6543656563540577,-0.05558467091045507,1.0
0.2799686263198203,-1.1254890472983765,2.4457519796168263,1.0
0.1292211819752275,0.10939479460489289,0.725766623898692,1.0
0.4810092317367132,0.22388402427913137,-0.7904744554453119,1.0
0.4714683571359957,1.8820244964750337,1.3454200461549777,1.0
1.593186626639397,-0.5112156764311852,-0.9896048202585809,1.0
-0.12578692009964815,0.055724912288694604,1.0941915184709485,1.0
-1.6924646297148194,1.5295503194606137,-0.15800789857898942,1.0
-0.42688106994742003,-1.0121043752601675,-1.6548566718657693,1.0
0.8231705839619146,0.07331796718840389,-1.2899608997410539,1.0
-1.295078772063616,-0.3357846992901282,1.669021525289393,1.0
-0.2595913513636048,-1.5031429531181062,-0.24574306408594432,1.0
-0.2727235697476705,-2.6968866429415717,-0.05429486651781221,1.0
-0.23093453020867796,0.6962063648134184,1.8489560949453452,1.0
1.1265650295477574,-0.26888869055483056,-1.1065259087416703,1.0
2.5733598032498604,0.05921843401448826,0.013929291912946203,1.0
-0.024125087110003277,0.19808476076785494,-0.14436041192394247,1.0
-0.5736620068802363,-0.5468589412403921,-0.03275327021599839,1.0
-0.543424771133765,-0.7128457826771644,0.10643022769189683,1.0
-0.2549772174208553,1.5039929885826886,-2.650969808393012,1.0
1.0915068519224618,1.246085192497629,-2.0733902324081495,1.0
-0.34268759408034877,-0.37144086599579146,-1.4075116947178212,1.0
-0.7778166875908753,-1.1105758454658288,1.7522704434236227,1.0
0.9356783931474612,1.2715550949941588,0.7216720640432351,1.0
-1.1290517712172292,-0.5245202662797737,0.48937456122791806,1.0
-1.2221278088919454,0.7129984301723881,-0.24032539815813503,1.0
-0.3748208075495975,0.7109599682034915,0.44426331148603976,1.0
-0.3609661658190799,1.159329803364248,-1.0810633275998973,1.0
0.6159356069442637,0.5931012579683838,-0.3095464393139903,1.0
0.326133022242118,-1.251113576385303,0.924027019206901,1.0
-0.18490213644298903,-0.5227230205190395,1.0490092258368893,1.0
-0.7043436905427592,-1.4084612963635597,-1.5566291735239037,1.0
0.6060099513456396,-1.280429352496283,1.7547941819843647,1.0
-2.081929407883722,1.6964563682900382,0.2110174672026184,1.0
-0.09671311187039239,-0.5449190868089497,0.39913611435207086,1.0
-0.037634702424848364,1.1033018820165215,0.11422764866203965,1.0
0.1503017614618776,-0.36361221221385587,-0.056945623721067457,1.0
0.3078017688920592,-1.7101683926566256,-1.348185422105713,1.0
0.743264094022715,0.17086543812794186,-0.18398333635267913,1.0
0.01843393306539316,0.34758170536167105,-0.5397596803093615,1.0
-0.7783047254023127,0.19584525509768155,-0.978372777615032,1.0
0.40825275571447184,-1.7025836042378404,1.0291556373256436,1.0
0.472597482413043,0.25602973431387566,0.9826909839455139,1.0
1.6654744444625766,1.0143700650181304,-1.8408742313316453,1.0
-1.2795769667357015,-0.6248185776956788,0.026091050210833786,1.0
0.517659020469123,-0.7257438131534656,0.18676676447707832,1.0
-0.7553829323533225,-0.6115178029919482,-1.4066610968482223,1.0
0.0767667538890957,-0.35168460561633363,0.02412674702266726,-1.0
2.0536417966078395,0.05060111116805699,3.632382064837391,-1.0
1.4933179008808892,1.184836123694874,0.14164221981878644,-1.0
1.7003098794089913,0.42436217376222607,1.1220098146453614,-1.0
3.5600845382687947,0.9039401002753501,2.149273326285676,-1.0
0.2968235748741126,0.9650115095030383,2.77080063563551,-1.0
0.3730329422122326,2.8124485579969285,1.7077519354554753,-1.0
0.43753322410573237,1.632407739055521,1.9725544496267298,-1.0
1.6218099622171964,-0.5702247198904564,0.2728628241751314,-1.0
0.7524813644484952,0.9255665708999538,1.620672097550678,-1.0
1.1777010009332538,-0.33534435871010126,1.3801978510059631,-1.0
1.610585745283823,1.5597904479310398,2.0807807255546216,-1.0
1.8339221545489042,1.4591800792284366,0.929834288541353,-1.0
-0.6609609335159914,1.429618219132586,1.2076876871631113,-1.0
1.2715788371953733,-0.27674857582030943,-0.08105654040826238,-1.0
2.0531528533329038,0.9604448461433449,1.6815006973726243,-1.0
1.028318376130461,1.0297561394957453,1.9382838059759977,-1.0
0.4839552717826261,1.0961207769409833,0.5377247112949575,-1.0
0.5655037725676844,0.6908278765313607,1.2221337716337128,-1.0
0.5212513783365227,2.255756125573521,0.10539269778049609,-1.0
0.813128355838641,0.5602689417258251,2.446977884353733,-1.0
1.1965547765115747,2.0318445394686346,-0.48556037303697197,-1.0
1.2670502658692588,1.889630795623437,1.0822839892754241,-1.0
2.065480375065351,0.48271154989962783,2.40934744018558,-1.0
3.2988981236192503,0.6371614395603409,0.5544974785992283,-1.0
2.4533844771177007,2.5795721457307126,0.4771399728467317,-1.0
0.5798131829041427,0.7182153911394928,-0.34445051103427704,-1.0
0.08134805351580177,-0.00414076675206787,0.23220243489587156,-1.0
0.9653151126132188,1.2342147325365207,2.550500492814077,-1.0
0.001645959261209029,1.9843223984765839,0.7860111557744911,-1.0
0.950536290347567,1.6748194921666038,-0.12272202156229861,-1.0
1.3824097461840505,1.1664522082130562,1.492451264008149,-1.0
1.289168643907818,3.4553001399108942,0.36226001574868405,-1.0
0.46900304499818235,0.37685947357523564,0.44452288083974534,-1.0
0.3626128726934823,2.189016531107552,2.4205042479898546,-1.0
0.4292537062505237,0.1676444268957713,1.471415556386404,-1.0
0.44777695571902876,1.6329318177555108,1.2029230208512998,-1.0
-0.5157441149972319,2.5475052013300616,2.7958776730955215,-1.0
0.3872113095156138,0.6122984400640159,1.285865390724905,-1.0
1.334456789987025,1.6585442726728306,3.0102045387663496,-1.0
0.8230527725059507,0.20170275546154626,-0.3793192280145272,-1.0
0.2690699600580809,0.9668730271262029,2.7945578635177877,-1.0
0.4823887009638286,1.2237879516388985,0.983577103927248,-1.0
2.188393273448084,3.5269324258736217,0.46913122707967936,-1.0
0.5105605574817779,2.0441608770690722,1.6818914896263113,-1.0
2.8467073257360336,1.583928185325964,0.6407079092129404,-1.0
1.5906548306923094,2.1087035805829077,1.820482181197364,-1.0
1.5072740311072979,2.0666746895891537,2.1692955904456728,-1.0
2.382158991037527,1.6487098875896427,0.8328819196831456,-1.0
1.1467136864333227,2.206508966508357,0.18306432901276393,-1.0
1.3686733088729013,0.6066611876726393,1.0287448229348175,-1.0
2.278451862607299,1.1910990680199034,1.0464365481561488,-1.0
-0.35985614097991925,1.7462535660272207,1.6454841811410754,-1.0
3.16325472330546,0.6922217650469992,1.219150327663939,-1.0
1.2493836837107553,2.5774532797634744,0.9047044676130479,-1.0
1.2790215257703392,1.6078965097165392,1.186609123156358,-1.0
0.5535663854494717,1.1940899928983075,2.0736317498597723,-1.0
-0.026515299411060234,1.132969674146876,0.2998791850608268,-1.0
2.1950466289248425,-0.5231869047837747,0.44107815272841167,-1.0
1.3772118750645208,2.56552402923434,0.9342497389270122,-1.0
0.4448004733068016,2.88115706944059,-0.448013900416244,-1.0
-1.198805956620082,1.4400144500533325,0.49794577564738884,-1.0
-0.021232817130713233,1.7083564472993533,1.2438007137711988,-1.0
0.43592136926327163,-0.2803043986708944,1.8724573282801447,-1.0
1.650201177958661,0.9008241362206171,2.846636996047666,-1.0
-0.07008476632615257,-0.5255251709247388,0.3080919301187556,-1.0
0.9544139836445023,1.243339449322692,0.7587639421436702,-1.0
1.3520553965142967,-0.25153942419044406,2.4437646040732597,-1.0
0.9178488216074312,2.1172958315881276,1.342725346377704,-1.0
1.456753219153784,1.5697672802322038,1.447708560017315,-1.0
1.642722759867544,2.3291525301324314,1.1965211697014702,-1.0
1.7090037575885124,0.9102643057127733,2.440117215449473,-1.0
0.3236076979407303,2.8009404329108154,0.9598420493556565,-1.0
-0.43077510211804815,1.1281044149107893,0.31894834252511917,-1.0
1.840643548988724,0.3473760206976091,0.5538165667852203,-1.0
-0.889540730945531,0.5476936807509233,-1.4238793266289567,-1.0
-0.5839028234857233,1.7604146561442975,1.785800158650832,-1.0
1.4254575617849647,0.033023856870787016,0.9522886438580201,-1.0
0.9963974609094316,-0.15836468919254276,2.5033983017671506,-1.0
1.8773622905756713,0.7790358261703361,1.0268858389945308,-1.0
1.2083828079475525,-1.0417348684242906,0.752822617479403,-1.0
0.31801575200220145,-0.0016200098949155084,0.718899707114045,-1.0
2.797686526849523,1.6408428612670098,0.4288210102172032,-1.0
1.5725827813561586,2.399355436586002,1.9246336829127688,-1.0
1.0596303699201741,0.3530632222944261,1.6982233136135898,-1.0
1.3934853854217497,1.8951932200277324,1.6351718016819694,-1.0
2.049552715319335,0.46476478843943203,2.3173940656343257,-1.0
1.1975996046923996,3.0752608726252655,0.31081218191043214,-1.0
2.7359638031652493,1.197910783462648,0.34858199638555165,-1.0
0.5161141659456785,0.6796526918056798,1.4241659464019163,-1.0
1.5228354880354997,0.426299996061421,0.9756454077390172,-1.0
3.1422703586118637,2.727543170100711,1.436323669674032,-1.0
1.0380034781682004,1.1200313267182613,1.6135179727304165,-1.0
-0.022792565198405557,0.7426234625766549,-0.6685840738775894,-1.0
1.3992231226052794,1.647195939702741,0.516813537700626,-1.0
2.5739867632900326,-0.22576566300234124,-0.4643748802098202,-1.0
1.224451818559972,2.0470983026121545,2.6839276914578685,-1.0
0.54111573713106,2.078680833431296,0.9614915304992928,-1.0
0.8273727000591804,1.8836599374866725,1.6523228784134196,-1.0
-0.5763921569842494,2.4765403497258958,2.3800913541474515,-1.0
0.3744372984904706,1.395803533437409,1.4940301862827388,-1.0
1.260673765823907,0.4496948461545799,0.32837663206194845,-1.0
0.9744459290085548,2.1727290192593647,1.5436001545944324,-1.0
0.629385667913894,1.7716987106483448,-1.8485426206300755,-1.0
2.1487657003721035,-0.7397137787780996,0.6375590585968678,-1.0
-0.11966989462614386,-0.29468147572090575,2.1608267873785194,-1.0
0.5322987986881087,1.3465038817307158,0.9530794211208159,-1.0
1.4770408272231215,1.0768218910602554,-0.2829922241885696,-1.0
1.99626681944714,0.5062434168386876,-0.556581898659751,-1.0
0.5718848390340875,2.500759790634311,1.8502217421134928,-1.0
0.6513478655921408,0.6507422956815712,0.6783649487826173,-1.0
3.076747983560841,1.3819354522315535,1.4300416471910697,-1.0
2.030283454031842,1.2387891590265134,0.7409578541792969,-1.0
0.8036501509150218,0.9283987405859361,0.9627777634901584,-1.0
1.7276295436369797,1.0519458858072994,1.7326400772155792,-1.0
0.9192834198914177,1.0786351903160907,-0.9982006845321076,-1.0
1.9163276747024813,1.3464884758979927,1.9980101098596523,-1.0
-1.8962553781936893,3.0883747047807275,0.8604103718448263,-1.0
2.1081828167375165,-0.03990592712553087,1.6127739050625696,-1.0
-0.053415563173656144,0.3762310393041949,2.914031353866786,-1.0
0.8093175992366535,1.2174328731797228,1.870067730688754,-1.0
1.4956818879726046,1.1504189051435765,1.3649610024662255,-1.0
3.403415585238275,0.9423812029664146,1.2010990467149676,-1.0
2.0506543960076122,2.105525932957984,2.18703030556038,-1.0
1.6387302220291846,-0.14300491273048355,2.633431532301096,-1.0
-0.14634539301868799,1.3026354652390333,0.24572414998064207,-1.0
0.9358616534070074,1.3287624103034803,1.321357215450273,-1.0
1.4219207542352847,2.613711269058647,1.4535343015139799,-1.0
0.7558433647093513,1.9640871682883572,2.1894704889246404,-1.0
-0.22760781513699246,1.597400069849858,1.7011727423108982,-1.0
0.7024364966400081,2.3757068133116195,0.8499444129674733,-1.0
1.1255764534715422,0.8269281757161304,1.0155790475814674,-1.0
-0.09627508689520181,-0.44005088259429437,2.594505063224972,-1.0
0.1530386516816722,0.008607650543692835,-1.1533901136037148,-1.0
0.3610382523104978,-0.3230897934074983,2.642015160136369,-1.0
2.009817089342634,0.3118496548222762,3.2524358053443088,-1.0
1.9817654869915944,0.6751686164913775,-1.499405714873573,-1.0
3.2909425725907417,-0.389572466763596,-0.6453987469568918,-1.0
2.0225704320096405,3.439752406339273,2.384272818510518,-1.0
1.5639091200523596,1.5947543416652858,1.8534155587803078,-1.0
1.7589285897867653,1.2811914239693758,1.104201103951876,-1.0
0.9374068721004776,0.24603541113332372,0.7193249231332259,-1.0
-0.6929568141953855,0.9016603732052502,0.01140889284908253,-1.0
-0.10358931721577092,1.1798941511534784,2.3920022863445993,-1.0
1.9183166060023131,-0.570500603623177,0.010371863429662453,-1.0
1.940771187988216,0.017512606461690394,0.7753668500029753,-1.0
1.5500520990245519,0.031655545136364704,1.1053755061459598,-1.0
-0.33402549491820444,0.39863235604878633,1.319781934142537,-1.0
-0.5929937335316693,1.440474737960399,0.9803622010733188,-1.0
1.5524899544171478,1.2239141340646613,2.364140429973844,-1.0
1.1252245026479073,0.570594458874747,1.1222975030322837,-1.0
1.543298029036388,1.0488600703257043,1.0405916912038824,-1.0
0.29800831219324464,0.33709908244905185,-0.4026052717996935,-1.0
2.7495767431869393,-0.24386323539128507,0.3070948022040927,-1.0
0.28159273443080257,1.8949243769444413,0.7050503217079722,-1.0
2.247742072673734,0.3265093757561315,1.278994162223802,-1.0
0.16465294674024267,3.1451491277733883,-0.1875984190295128,-1.0
1.3098207102270276,1.6337768809320985,1.4137990974514982,-1.0
0.8147123411222917,0.8701793002665739,1.0438114719791096,-1.0
0.8529979983715114,1.9638791167949097,3.2105230015913513,-1.0
0.4425082149921664,-0.3698029795790778,0.9117179516487451,-1.0
3.5797093376543185,0.1963254320302692,2.6391168054440675,-1.0
2.6777008140764407,0.4464117582920054,1.5689830791852755,-1.0
2.628396623128538,0.6208722590125129,0.7964196398976382,-1.0
0.41831908605135626,-0.01475673069286687,0.3507224549339929,-1.0
-0.22394026676225653,1.0340834682592261,0.2300267689413582,-1.0
1.2337859117907477,-0.5558956462036273,1.330880232214457,-1.0
1.8335289616089248,-0.9937356425714554,1.3740565698475722,-1.0
2.2276689924732924,-0.20964101869120544,2.6725723868377034,-1.0
1.4190190093660453,0.29498814424159114,0.944230922342294,-1.0
1.5583269125217223,1.0760053914124115,1.5387559924463692,-1.0
0.07932640692063375,1.169360824036078,-0.4137144969049802,-1.0
0.8887739386512997,0.09609235853521025,0.26447005741023344,-1.0
2.2360931752104376,2.091310120594269,1.609138120907177,-1.0
-0.09231276467257898,0.6835915503051981,2.2130976999791834,-1.0
1.1417169136399048,3.319329539981694,1.393317839394372,-1.0
1.1920491164900315,0.6908835357974986,1.1335409047822824,-1.0
0.8475301636194561,1.7081086766885905,1.956702316794584,-1.0
0.2140105394920505,-0.33123295355777804,-0.8362053731032966,-1.0
1.5079913269125438,-0.10336660617387361,-1.1528905929524829,-1.0
1.388578604530964,3.4929995174327906,0.9939290884601066,-1.0
1.8384907744516419,1.081829358547565,0.9011103468088574,-1.0
1.9190764829877685,0.7097254558113486,1.267392314071903,-1.0
1.3216978061960136,0.33190954635695125,1.992042349536523,-1.0
0.8250402433045914,0.2442548405071553,1.5365098435704034,-1.0
0.10153201820896274,1.0281811573691282,0.9908810033557964,-1.0
2.085895565831578,1.4746982328799527,0.9749730412548561,-1.0
1.817766299200287,2.3902075490173136,1.5578103063518622,-1.0
1.0103526198433805,-0.31183623235015956,-0.06511366307537259,-1.0
0.6947752956453324,0.39048779784071685,0.8130286970145539,-1.0
1.056649924897107,1.5296927543567307,0.9295012219409088,-1.0
1.486501643826202,1.0644744148101202,-0.9754665663538713,-1.0
0.060664606181245695,0.8559124442783845,-0.20969474284110756,-1.0
1.5999287299962046,2.5307508323436974,2.218761851697317,-1.0
0.786557129069792,2.4907261368499523,1.1486674572021116,-1.0
0.6629140288819606,0.38659733645906025,0.6975303135118717,-1.0
0.6118231814587712,1.1704162223754877,1.1605739810498645,-1.0
1.0030460201534144,1.43693816974635,2.1906462747863413,-1.0
1.9495541354413237,-0.4848979684499035,-1.5539211349019548,-1.0
1.9343199112392737,-0.3668786984154211,0.7752345981073164,-1.0
-0.17011302605935952,-0.8019804375800197,1.5414627282047881,-1.0
1.759155160302647,0.42348959927328056,-1.5910422921449099,-1.0
0.45375555174751725,1.3918040054025465,-0.47891156877412877,-1.0
1.1833599197791556,0.9846901508270044,1.5792914996010885,-1.0
1.1195803684141532,0.02693105911844451,2.1965715016644913,-1.0
0.84147042697303,0.9726954604900682,0.06673204092680396,-1.0
0.5567177488084897,0.11519728597309908,0.8270539400765771,-1.0
2.7117084801423434,-0.37190114293135634,-0.6135613978767411,-1.0
2.4711703274936085,0.7906763228481339,0.33092726134008343,-1.0
2.0399046873960764,0.3943844602631359,2.826009713546936,-1.0
1.677925871339269,0.5120885918542973,3.1573082132655035,-1.0
0.3942850769966616,1.7420953720093069,1.2992925804064919,-1.0
2.301741289398798,2.561511196726853,1.0320041490657665,-1.0
0.24658212965381654,1.4599721429391164,0.3222846302478939,-1.0
3.013387247526623,1.1365353310827375,0.6346784486878914,-1.0
1.1846803058649085,-0.3471262895296965,0.028385961489348466,-1.0
2.2004139079444256,0.34310572102860426,-0.046910982681939606,-1.0
1.5366527525272862,2.185704154662997,1.7189533106650667,-1.0
1.9960476858058165,0.24320491143053924,-0.42181066674184375,-1.0
2.5013336519554867,0.6773201611578643,0.7491669835449526,-1.0
2.3281941418490577,1.55623000940066,1.4558877720816077,-1.0
3.165002344901084,0.356481769619857,1.9278401280812372,-1.0
1.0570131248970844,1.2685922788632569,2.5284684264125317,-1.0
1.5078357562896239,1.538296079049633,2.072507337309802,-1.0
0.6350472704571146,0.16079033266099363,-0.04480919402103356,-1.0
-0.9663565893760018,3.056207129940322,-0.10320836572168313,-1.0
0.778746376414228,0.7231867001110793,1.3074066978091008,-1.0
1.8157372125392968,1.8604734883597454,0.41692256143106154,-1.0
0.8328782862135885,1.2825799504882998,0.751308873816453,-1.0
2.6073455760199926,1.4909749516382513,1.7348777860498175,-1.0
1.6628812686674128,2.173473857485325,1.181021558703707,-1.0
-0.29683194795584655,1.3996879517526417,0.34864310620817096,-1.0
0.47138331825024316,1.5863640187550931,2.238283071433636,-1.0
1.0212715767360616,1.3088330125989638,2.702214944635238,-1.0
1.2407531794885682,3.601683114180395,1.5655096456315443,-1.0
-0.7607627591558177,1.7533416211045325,1.3811583848827778,-1.0
2.2897527540827456,1.6731813512699585,0.8615440160162262,-1.0
-0.22429823628936574,0.7909767427139747,0.14947954579069989,-1.0
0.4194765501952773,1.5885784044206095,2.6699045043514062,-1.0
1.394671529822981,-0.19588306203518435,1.4446026682201407,-1.0
2.196631486645651,0.3902170956806178,0.8659828333270823,-1.0
1.014688194729197,0.21510168691776,1.648280433843859,-1.0
0.8790518513922184,1.4195324439070278,0.1125078221978999,-1.0
0.5625416996765895,1.7223813578277714,0.6271668479082331,-1.0
2.726963851233405,0.6003638143853977,1.224684725751886,-1.0
1.9325908318730898,-0.4183657329330317,-0.7608088119807759,-1.0
-0.5256563145700948,2.262584103427182,0.44814185410755325,-1.0
3.5581992856682523,0.4357524013426114,1.184551303197037,-1.0
2.5421099525678756,3.006092888159123,3.061503576636398,-1.0
2.2083662305931426,2.0240625258114626,1.592526949201183,-1.0
1.7783610761666377,0.4488142836714666,0.18180111657769282,-1.0
0.9966255425890479,0.8298153774750716,0.5467719506727249,-1.0
1.6963874474567153,1.9553052085705107,1.0884068862918475,-1.0
2.477530081055262,-0.14168911413350505,0.8063405407202819,-1.0
0.28317767939719507,-0.86653661707306,0.9173193141573007,-1.0
0.8782524916167165,2.513449743242131,1.6308116845547775,-1.0
-0.024186824329204937,2.854092566334188,2.221033695525353,-1.0
1.582097703468616,0.7735159011501681,0.04056076327652025,-1.0
0.627793223928947,2.088748619704186,2.884586305934609,-1.0
2.543243528272189,0.5111505782137259,-0.1196174332890112,-1.0
1.140886246911204,-0.7684393655628516,1.3231677141847815,-1.0
0.8523974137013313,0.5339634981317578,-0.5947030672667954,-1.0
1.5136001065697164,0.4672991603380886,-0.16991683571028804,-1.0
-1.8722622132816493,0.9724850949493637,2.772251596669744,-1.0
2.66125921454787,0.5429037434137282,0.39778793963821946,-1.0
1.4687742560750237,0.0016145608117085208,1.301791899819466,-1.0
1.7660802783846903,2.2269332238843074,0.8998459235200472,-1.0
0.7963262498230341,0.12201741324343895,0.17311964596013996,-1.0
0.7735211080984732,1.367365506816178,1.9135846262332494,-1.0
0.19682104931965516,2.4926885689595215,0.7288763989574312,-1.0
0.9786327056515638,0.2527883208521766,-1.4242402602729416,-1.0
1.8840453963610497,1.7368438970924334,0.7186724428817866,-1.0
1.0669907172248718,1.5159392177040996,-0.5625458568865427,-1.0
0.4709473226537052,1.7942646796218271,-0.2542894231692494,-1.0
1.2935579321666293,-0.35658180462340505,1.4664299824335263,-1.0
0.9643585177025165,-0.6151318159055095,2.164739354457171,-1.0
0.2654084232019508,0.189747562985619,1.200569197230943,-1.0
2.148637349428715,-0.015821818978396962,1.0616798498479716,-1.0
1.4288165003305728,1.693105607263144,1.1764415552772252,-1.0
0.6329721609166776,0.17240977935128032,1.0861438830463748,-1.0
-0.0721390119856069,-1.9213504834946074,1.436559804157668,-1.0
1.9039348410861954,-1.3629324355418384,-0.009730704709937532,-1.0
1.6191542610051979,3.0574954697116987,1.020793707675408,-1.0
0.27199705877086555,0.8171035588951598,2.374876419148185,-1.0
0.3540358208754647,0.20080799334974642,0.5172564778179676,-1.0
0.04667139174128765,1.1226703159947955,2.6246784584695604,-1.0
1.323079273116029,0.7476464978737124,0.7081887310844559,-1.0
-0.563190808696657,1.883109777147159,0.922162802987198,-1.0
0.8195200864093743,4.19310756784486,1.2987529083656861,-1.0
0.24820894990481568,0.5736424037944567,2.148445709196755,-1.0
1.1132704105377644,-0.4382779783173667,1.9192289345752034,-1.0
0.33185591446100604,2.8732977762175453,2.0800480657146485,-1.0
0.5526781043412488,2.281016361735113,1.0678555105274032,-1.0
1.8527736751222195,1.4847328172944747,0.15364334500912646,-1.0
0.356450167682538,2.029960817581161,0.6652246678934591,-1.0
0.5963515367580032,0.04487742065064704,1.4235990655934612,-1.0
3.062524919243145,-0.06753291425427288,1.024219456672758,-1.0
2.4122205554154292,0.9203586087542849,1.452371796249734,-1.0
-0.062393528146879706,1.4283070972076486,0.8128557349954513,-1.0
1.985729995679863,2.187386051564751,3.589563642018614,-1.0
1.5796331732135758,1.3257963165821665,1.194384301577336,-1.0
0.6468337071893117,1.3384838434616912,0.7045985898609706,-1.0
1.1684609762696143,2.31759753560796,-0.006542565279641144,-1.0
2.1398785611290454,2.3171150673398655,0.8819314730089213,-1.0
-1.1218548990085946,0.39217801290556753,2.296994546561109,-1.0
0.9771319377011178,0.000697767705089225,0.49522507877178257,-1.0
1.8406200265045531,1.5467335682013794,0.7610679008303056,-1.0
0.6331755881853125,0.6082418509561781,0.07758981550149746,-1.0
2.6153756894694418,0.6776795307886601,2.2171585208254965,-1.0
2.5213160519224513,1.9983108981479605,0.5683796872819515,-1.0
1.4037300903366094,0.9758043936090839,0.09629813926987185,-1.0
1.324359281721603,-0.1790397911598025,2.1876793884615635,-1.0
0.5353827027016069,1.2011596558728392,1.2832878715461422,-1.0
0.7410950262959226,1.5866938014752747,0.5250963433774756,-1.0
1.8712972974572442,-0.3459796802467485,1.1263795795464118,-1.0
2.9389289990582848,-0.0003313246055747232,0.3222550294751485,-1.0
1.513907849658915,1.179581781939598,1.3506300992735591,-1.0
1.4891871301476636,1.63472146856177,2.109699841956223,-1.0
1.4098186569285125,0.7587423453814576,1.6725737012027313,-1.0
2.8998819348952156,0.8673662536174265,0.025470695329358528,-1.0
2.107080669286973,0.8796188360464018,-1.1726695460140362,-1.0
1.8474216771504217,0.46467181404607727,0.9094667176958392,-1.0
1.3319803305690145,1.1904996797790663,1.7094518171390396,-1.0
0.5645136294301567,1.5131057981760827,0.7404533224160827,-1.0
1.7388104808875031,1.6153674840130534,0.06456129795540466,-1.0
2.0859821161750323,0.46403655488595197,1.808057798281145,-1.0
1.3672873134013406,2.8381836767951225,0.7765340176281479,-1.0
0.6506832038818025,0.9805803941122674,0.6968202171657245,-1.0
1.79994190194205,-0.6163106084365879,-0.05368241914635408,-1.0
-0.0678029215791931,1.9503075919735757,2.7106133725819253,-1.0
0.8955507814625285,0.8311782768099893,1.0700521631131814,-1.0
2.1618783026081907,0.07264686580942592,1.238368982734785,-1.0
1.9751976297824299,1.5010941699398452,1.1895816165987434,-1.0
2.001046092567141,-1.7032322929992372,1.6778753195309077,-1.0
0.3459243168725762,-0.8306328968564569,1.5112025995249807,-1.0
2.3736585451629577,0.8625514853723082,1.952874547202939,-1.0
2.6122782579886454,2.3149144535840476,2.639964529371393,-1.0
1.7421274910718922,1.0754336389015928,-0.6019658118971685,-1.0
0.7539375118700514,0.15675340468380827,3.1709427174978138,-1.0
0.8241141875676634,1.1232048067844858,1.5514853760404677,-1.0
1.0436024463724538,2.6950510404307533,0.37735063826554804,-1.0
1.1946074552372428,0.25752941430195175,-0.3200225112207058,-1.0
0.3882309090947146,0.962963202951588,0.57069777548274,-1.0
0.307579020126144,-0.40631746367183386,0.9168944273713052,-1.0
-0.5047203740310022,1.7600559636896027,1.0824397529345033,-1.0
-0.45755149946493057,0.6907909229501366,0.24784359440941683,-1.0
1.3191745104191805,2.3404504460231443,-0.8751724696457446,-1.0
1.1150260791474171,0.8398672044333596,1.6713400764504658,-1.0
1.2131966282376891,0.24803066826118092,0.6809460643333818,-1.0
0.20397414319651097,2.076007138598598,1.0213116486719422,-1.0
2.9011906857530074,0.9393391861853793,0.2915932330895372,-1.0
-0.5137143926128271,-0.8031396762559451,-0.5841359430054898,-1.0
1.2671266510114834,1.5087250232299338,-0.5811907020321334,-1.0
1.8950383140761153,0.5169389483165605,1.1467930119855494,-1.0
2.6122206282554243,1.896839315865532,0.7314693520941677,-1.0
0.10880777458471258,-1.151815401329305,0.2808466807575799,-1.0
0.7888697611723056,0.012820472848816045,0.8687430329076953,-1.0
1.0768518829587683,0.7751440181919215,0.34999741917654026,-1.0
1.1686546719667277,1.4419406495694091,-0.09039907744284603,-1.0
2.41093237974627,0.9014118677157382,1.0188496229448476,-1.0
1.7082144232565573,1.2332161312635017,1.9531366339132452,-1.0
1.2871241652018242,0.3875626253595621,1.3615035252061016,-1.0
-0.14372620732066177,1.108559705776523,0.9667700093555393,-1.0
0.7918831427274603,0.8714624885610692,-0.8818490454976391,-1.0
0.4512750922590385,1.0928449011411148,1.1598563919974003,-1.0
-0.02767514092595813,2.2657078408647005,0.13382515178549914,-1.0
1.9694572005267368,1.427194361871685,0.35377269015619695,-1.0
2.775310892609512,-0.19363683175648005,1.9191541736100015,-1.0
2.0005823180429783,0.3293797909233551,2.3924653000643286,-1.0
0.7499534854010472,1.288693629279857,1.2603218387712207,-1.0
0.8656912585294522,1.810808273159782,1.793488720552213,-1.0
-0.7485319732381808,2.3043402428781525,-0.6624919880356743,-1.0
2.0325462043416573,2.1267051368275833,-0.09096643021519824,-1.0
0.5891857120454151,-0.10570466848593574,0.7850789697112647,-1.0
0.6919657158142587,1.77966053226934,2.3103087461196083,-1.0
2.395683810789956,0.4378319734216979,0.7907781262554723,-1.0
-0.6834381922209503,0.19412993350381125,1.9648516330974575,-1.0
2.6155828235482317,-0.23434887187992204,0.40753574084710575,-1.0
0.973594243041073,1.280161158819607,0.19039648007835386,-1.0
1.4240610444640898,0.5261606529290839,0.985547729121721,-1.0
1.5462842480036996,1.0064222698109377,0.5636141094734314,-1.0
0.8903901960741691,0.9116370407946647,0.6299889701178722,-1.0
0.7412039373328976,2.5986471705047167,1.5609194479412387,-1.0
0.7045196819708397,1.6969544045107356,0.66618051024399,-1.0
2.1731246375866413,1.369642192198094,0.8926978559957711,-1.0
1.4477169258102776,-0.5708761520684993,-0.12676746890980528,-1.0
-0.1939250063990554,1.1429430947637067,2.732514999485092,-1.0
3.2313001461926323,1.638051101440757,1.500844474944457,-1.0
-0.801057734152739,0.45732620026597826,0.2122162480917611,-1.0
0.379152401748884,0.8318561814152103,0.5279094223028726,-1.0
-0.9792998103757877,1.747910256117534,-0.07274302573980651,-1.0
1.2392468641111496,3.0740826697499735,0.08061540841357662,-1.0
-1.5302875227463297,0.7139957781198891,2.100959634998571,-1.0
2.958347454220594,-0.22954959445241685,1.4966992232365217,-1.0
0.5346895432199467,0.8940516456958644,3.6443433470170348,-1.0
-0.5029703283951532,1.2537396614945735,1.4676931717654331,-1.0
2.085786324939347,1.0979831534708955,1.3080505395041024,-1.0
0.6083514325782089,1.2691269412451074,0.6568077245025895,-1.0
1.621571889856051,0.630389663956366,1.3771003939021864,-1.0
0.9707371863150216,2.126050250772168,0.9486062764115137,-1.0
-0.7730324682068814,2.2619215007139917,0.09426769913738109,-1.0
0.34623366135118017,0.4043387059565079,2.3744380931708173,-1.0
-1.1356742139786955,4.137748533659994,2.056056809066052,-1.0
1.2232389141291597,0.9451059993837136,1.2855540748576568,-1.0
1.5211224283793383,1.645215585950057,1.5556044660034485,-1.0
1.0895806812552489,0.8026615796926739,0.8487267163464883,-1.0
0.805091719647319,2.1337700968670648,1.5935567222808618,-1.0
-1.9403886346642802,1.6559007765297609,1.194736194718775,-1.0
0.9812912435541026,0.6114815469111141,2.1241127199860133,-1.0
1.9475264621228578,0.22712233217639088,1.407052287124535,-1.0
0.028343265458714018,-0.3796181647889305,0.37328277541003485,-1.0
1.8623934723827587,1.9531250453760867,1.513085420097293,-1.0
1.725095786847997,1.5161782871149585,0.35851840477704777,-1.0
1.4319225446739408,1.8004095252276824,1.7542913298135743,-1.0
2.188913371474643,1.7083038472010639,1.351448207541583,-1.0
2.0701502383164274,0.97347874075094,0.1181253487722822,-1.0
0.8369330360562361,0.2550973551935509,0.32482172502561846,-1.0
0.8554813292844822,0.20758007900003872,0.6920384703609597,-1.0
-0.8936146669537857,1.2132937073729386,1.0012054753622242,-1.0
0.18291136893180937,1.659245668432405,1.9375701376265584,-1.0
-0.6075598643689741,0.23727522143378577,0.23085765021270177,-1.0
0.06009689889113534,1.8294748419317486,0.8061738612271965,-1.0
0.7354851586893892,-1.0038623644067535,1.6354180302092263,-1.0
-0.23925839485347256,1.0599326302663283,1.2773769379581916,-1.0
2.3606585958386512,-0.3088203991191121,-2.0195121558208253,-1.0
1.183849544753695,2.8005111815108537,2.238946352939437,-1.0
1.2096594152746258,0.5083638143679526,1.8071225966373103,-1.0
0.02645380029553135,1.4763577693562193,1.5054701591666269,-1.0
2.06020990749888,3.7596600389110777,1.392415967178767,-1.0
0.49103637429250124,0.9744256878080055,-0.7690759048891183,-1.0
0.3052868689109418,0.5907175618868961,0.4759116020654075,-1.0
1.152354872033722,0.17758006761779943,2.1210306673244714,-1.0
1.000207064918197,0.9906996788613855,0.6721052834870822,-1.0
1.1551906838589792,1.8250982646676346,0.13286978428909968,-1.0
0.34188351092474334,0.6962739712233353,-0.3458709234732149,-1.0
0.18074214027850222,0.523779126455341,1.8743891807127275,-1.0
1.262561329001925,1.1935899113675443,1.8508979621679722,-1.0
0.8626282116006033,1.3904648499288896,0.8967782470675038,-1.0
1.2653623493996284,0.4172413423884179,-1.438817158276429,-1.0
0.8657208378136958,2.42274813609994,1.9262154022415925,-1.0
1.9653974845911706,2.2361307218062176,1.0886575909614375,-1.0
1.1973157074055956,0.3823481045656498,0.6839271439729502,-1.0
1.6157711497711416,2.203884437168816,0.8605537243190005,-1.0
0.5498107351485884,1.0005279588565974,1.6012067489291149,-1.0
-0.44385481613354183,-1.2961809531372381,0.44946315050841645,-1.0
-0.22071242591415863,0.4918598023526891,0.8522196811825284,-1.0
0.5467515909769867,2.4524675344707454,1.32674476460232,-1.0
1.3004743596108284,1.622207144043402,-0.13883311778076912,-1.0
2.0391117874202687,0.9242357134645401,1.6704806172412126,-1.0
-0.07185723304015545,-0.5537587660160643,1.8178896580250288,-1.0
1.3764095260975167,0.09794844564248961,0.13033691872530562,-1.0
2.1254347844147694,-0.18941189286732785,2.642672953255963,-1.0
0.09937926535213126,1.638391925608383,0.6713815242510154,-1.0
1.603187431082343,0.4558859978858074,0.8372070939277058,-1.0
1.0409191753957212,-0.0021874557814727247,1.7408243454201258,-1.0
0.4867864335284148,0.7714000846599814,0.005650625391487751,-1.0
-1.5623336587953105,0.8089722373998309,3.412615421612916,-1.0
1.784604287898024,0.9807396202656053,0.7371091707917323,-1.0
1.0224658928120465,1.54711911517521,-0.18081281530884485,-1.0
2.114321694668872,1.715381315441244,1.7181857257079345,-1.0
1.4384757388097273,1.01961665769399,1.67286123596682,-1.0
1.591814133741378,0.6459592890589763,0.42639822710309905,-1.0
1.1018562952619866,2.5490201514951876,-0.23910707565390088,-1.0
-0.46752526575244,1.1647608412365167,1.050887701856018,-1.0
1.1733416643704082,1.2439531979085003,0.7767977453651949,-1.0
2.4898634386020824,-0.6009039784765156,0.171502975219754,-1.0
0.8967452398509526,-0.6431888111541673,0.8241455955679289,-1.0
2.6614701657280184,1.0208864882959618,1.2307009057186835,-1.0
-0.26016476517258025,0.3836385919605225,0.624803619676063,-1.0
0.6822849032437659,2.2816437950037685,1.5576910607251246,-1.0
-0.11145795693703198,1.246504778432005,1.498221748496785,-1.0
2.1401490385212663,2.5805406865683738,-0.015094191827868642,-1.0
0.18914248878966178,-0.25757785891461626,0.7659801408930187,-1.0
1.4663583744463344,1.9873345165891019,0.9240489763574773,-1.0
0.6801524767451561,1.1517579922487404,0.16485709836997697,-1.0
3.0895387216947734,-0.6076610271180587,1.1847405788957244,-1.0
3.0236062192296393,1.0067998445599977,0.8099609649985056,-1.0
0.6425545771895729,0.8196083182375922,2.3728484746765304,-1.0
-1.2118619113295068,2.5334337012963255,-0.4239571524501451,-1.0
0.7333476707655853,0.5707555797013382,1.5885532697707196,-1.0
-0.5981243518837476,1.4621726660819427,3.0243096232868525,-1.0
-0.36317400459281046,1.1897061676103957,0.33801782220339094,-1.0
1.4258872061930359,1.019147777415752,0.3585130909556904,-1.0
1.487872284871074,2.8043481097867433,0.8090962082727013,-1.0
1.719757942148182,-0.2932729578711637,0.04356362318199125,-1.0
1.4724062778803773,2.484116028535965,1.3556133487856599,-1.0
0.6869419694768457,0.999291405423354,-0.2504077339697175,-1.0
1.6045153263553669,1.8823330623234091,0.5479096671669197,-1.0
0.5299578522404985,1.2658782296520485,0.5632802639594046,-1.0
0.9338673853741776,3.0997217891665154,0.7529742992540034,-1.0
0.6416598479787778,0.3524581943648408,1.7441919714999368,-1.0
0.818775826781897,0.350626961678574,2.3213040322730123,-1.0
2.419603004513637,0.39957643426129485,-0.8665399513606162,-1.0
2.007513689836922,0.315370174239996,1.7906255991627686,-1.0
-0.9701038177118355,1.8925973382993093,-0.2111719292807812,-1.0
1.7307641190665244,1.014273067836434,0.04606058060335516,-1.0
0.5929636870732196,1.686318456956701,1.1058944531152342,-1.0
1.5844129804724842,2.9764405845154855,-0.5642416117110514,-1.0
2.617212574968624,1.1043559375232128,0.10121595167687181,-1.0
-0.3303136257389898,0.8108796092229665,1.9216501119244593,-1.0
0.8724508796224658,2.5111549302473475,-0.4511756900515589,-1.0
0.9879110521539455,-0.25239344441311906,1.3636318826249678,-1.0
1.8868873900973004,0.5792382063189467,-1.6042138566271342,-1.0
1.1989481467964946,1.4367385517335096,1.4042947549616978,-1.0
2.235782191822154,-0.07105367964904885,1.6802161054504494,-1.0
2.1925075124779747,-0.7785875840065168,1.3196518259189771,-1.0
0.4958201689923285,0.9184773268983542,1.3476764835383364,-1.0
0.5127714358864477,0.3242919208383882,1.0341524174880246,-1.0
-0.08724593886280263,-0.08582512888518545,1.6793732829565033,-1.0
-0.14879403515865608,1.666312500909212,1.462591292853951,-1.0
-0.7258067287905967,0.3224353476643449,2.1941094030473725,-1.0
0.018834468860318365,0.5355957376906124,1.4620608932518966,-1.0
1.7833905092825955,0.7484611139555043,0.40248980530835843,-1.0
2.422369861698508,2.7388996637975787,1.9788580507817954,-1.0
1.085318142565024,0.19173427835907364,0.16955559344343474,-1.0
1.5225141052657576,1.4183982208886836,2.4015985929464296,-1.0
1.6504500925361392,-0.503080301759818,2.0519476177229183,-1.0
0.0019393726855870819,0.6160287280476484,1.2502002062516944,-1.0
2.9956674897839646,4.109918556005361,1.6067230591361827,-1.0
0.8168033812796122,1.5345056484805504,1.887655425873836,-1.0
0.6793323744428084,2.795211355912322,1.2300707591914022,-1.0
1.4977430890913943,1.6659242520544613,1.4215866106144557,-1.0
1.8389405004696122,0.3827468134530768,0.44169824605396946,-1.0
-0.1001542329716949,1.4395012306202264,1.778936503512114,-1.0
1.4577728661518858,2.6744924333475373,0.9944039811709534,-1.0
1.6687416555925125,-0.09170087613931432,0.612900297525599,-1.0
1.6955377575657775,1.849102110743144,0.7060330523358178,-1.0
0.9284007481419332,-0.5178737466808094,0.6429707991933906,-1.0
1.890383163519786,1.5752050161065663,1.5006657213812096,-1.0
1.04977368718096,1.0070631586281764,0.33967886052655294,-1.0
1.6988284202025348,1.4209729443893897,1.4920188479927994,-1.0
0.4739651573324196,-1.1533429198712444,2.0971527117536954,-1.0
0.5211625439915959,0.13722423595687938,1.6934789119139937,-1.0
0.6079873600808704,2.0599363840466216,1.6170059495766975,-1.0
1.6835693232004776,-0.3659557112005343,2.2119439853864007,-1.0
1.261250531233856,0.6307228607537969,1.143388467342251,-1.0
-0.77623523289832,1.408652811480671,-0.02937150818207157,-1.0
-0.35267028584353444,-0.5223591862178911,2.1126883749899252,-1.0
0.3707366063072113,2.533727709916499,0.4641985369477022,-1.0
-0.7073579575929467,-0.11652443994865913,2.2358116200069387,-1.0
0.8441018220633325,0.45171270350939907,1.1600182258527876,-1.0
1.501782736167545,2.117398815902461,2.448499229892926,-1.0
0.6402313542109143,-0.32604768608203827,0.586534838876724,-1.0
1.2602805065828862,0.03624107378938912,0.04284908510495711,-1.0
1.3437878815498854,0.9513476484295489,1.0327969954115865,-1.0
0.24150466529993053,0.7695992857942326,0.07576685573169561,-1.0
1.890198411124787,2.0352493347237526,-0.8461878622380938,-1.0
0.07048913980758997,-0.49652925509007906,0.3499760655931018,-1.0
0.9165620302096391,-0.4496452196985301,0.07814018687468682,-1.0
-0.003957372081498489,1.207267329398944,1.0693443370362505,-1.0
0.2782624466627467,1.176820872139398,0.45331991541273464,-1.0
0.7283448896739467,2.673452090298537,2.340461051790348,-1.0
-0.29958123692759764,1.8297324178791745,1.811396554491592,-1.0
-0.1482632887526183,1.8187776437548606,2.5379319184125526,-1.0
-0.12254480624441388,0.08249717898573639,2.0176614668435024,-1.0
1.271495310825648,1.5514762752395233,1.3405892164004967,-1.0
1.3906959209281442,-0.32647212831108297,2.047317706621448,-1.0
2.1695899924277735,0.7706092559319723,0.9565230501861376,-1.0
-0.5311075025557221,1.5142547560178348,1.572057441714144,-1.0
0.937808983000689,2.1243533598705024,0.6659227690200595,-1.0
1.5646059258936003,-0.01966433869211559,0.9764478491257619,-1.0
0.8256457420971641,1.2253079220409415,0.6304730711666414,-1.0
0.8685274043283322,1.8260471714415063,0.5632357627617826,-1.0
-0.6065771007386793,2.7495839042054206,2.3814540786904868,-1.0
-0.29226269510561864,1.6897078052451944,0.4970252294486569,-1.0
1.2634872153310597,1.2942241290134937,0.765592199683678,-1.0
0.2162343344136035,0.3094589476837406,0.08380808451875754,-1.0
0.16817779176955527,0.9328217099506447,0.2842400108892482,-1.0
1.68205206571262,2.487246155335927,0.419946758629957,-1.0
1.239404500535377,1.4996851103029338,1.4720022709192744,-1.0
1.0759552679160873,1.7426824183597223,1.4822489526806573,-1.0
-0.23766242232729784,1.8691560643892733,1.887290837266742,-1.0
0.23671389582141844,1.037937835447602,1.6833289928110693,-1.0
0.7906861804206384,2.0729780477660116,3.3638724946193608,-1.0
0.21401396736501765,-0.38104460315377486,1.3038185956048758,-1.0
1.7215625051261436,0.7691336261552311,2.4532606633210343,-1.0
-0.3386057997232488,1.6929186230316111,0.39413917924110664,-1.0
2.7193779062072965,2.9925153531681183,0.2333434122166521,-1.0
0.45044286409141987,1.859587886979802,0.6128693502104854,-1.0
0.9545887820677618,1.0253884205424102,-0.9196731561976563,-1.0
0.9861622539057627,0.31027222593582615,0.506877177600228,-1.0
2.443632003468814,-0.2565068942792563,1.8132051867479773,-1.0
0.7210370696681915,0.7202398315041656,1.7903718960517114,-1.0
1.3400512945688905,1.570612997219531,1.9681846605328612,-1.0
0.6686916168166772,0.3877632654922497,-0.08515052655779809,-1.0
0.17458947002104486,3.9490944253087252,2.2446795807367868,-1.0
-0.35107436620802135,-0.32245795674357014,1.4818660617184916,-1.0
1.547264797377967,1.5488838353173644,0.7450442064463021,-1.0
0.8745457399970997,1.3278795241593575,1.0858930062933303,-1.0
-1.219300372747535,0.7702003694248062,0.1485935657396864,-1.0
1.175211418908512,3.98525900260341,1.3674816654743043,-1.0
0.686470313827602,1.921801501977252,1.4826878872092126,-1.0
1.4200944904518413,1.606850593215671,3.0565435648295414,-1.0
-0.13088843532591565,1.4736320768114544,0.07361887001846157,-1.0
1.5555126463422484,0.08131348851390563,0.5826331863949157,-1.0
0.7049100857620937,1.9758167193447091,1.9184544439424138,-1.0
-0.24571737644638447,1.0549341109998487,0.2904201452508274,-1.0
-0.25850491067533454,0.7829829495756295,0.6915172115441803,-1.0
3.4267164863455224,1.432959825360696,-0.3776175007542373,-1.0
0.43522599582905774,2.0213832954293984,3.088442772869925,-1.0
-0.5859833122379583,-0.879924385139045,2.870965175371782,-1.0
1.3896141773709039,0.13170726812363354,1.5346290861224352,-1.0
-1.6357477390168778,1.003375506597161,1.3278211728430853,-1.0
1.9242701395378297,-0.013895952292537705,1.085687161403359,-1.0
0.07457537394041269,1.255383755674317,0.10465367763697586,-1.0
0.5918991608397794,0.004184605209770931,1.651136241823657,-1.0
1.8584511166566653,0.7653794300425862,1.0382379949600284,-1.0
-0.4485914146335441,0.7003233519932129,0.9497953829582553,-1.0
3.620793091029975,-0.11196702577416362,2.4641772387524377,-1.0
1.9968587734658079,1.2806364044901364,2.7586204841951334,-1.0
1.3721054726068629,1.3891591956679288,0.9468793469824547,-1.0
2.2235688824186273,2.0964692338108835,0.37432271250378757,-1.0
-0.3192471945987674,0.7970193626043429,0.19996143560235358,-1.0
0.9364754253846449,2.2374381346841394,0.54269834491321,-1.0
0.9571766186884251,1.0580227348083953,1.8484308822052846,-1.0
-1.2468893339846052,0.39329970523470326,1.2112836922794727,-1.0
2.2000789564268612,0.5080975524937948,-0.8765527060418741,-1.0
1.6197114459661361,0.36463761117437066,-0.1896666590903613,-1.0
0.37565461028677594,0.8154746423441505,0.39525533546178726,-1.0
-1.2055660570990692,1.897066196887132,2.2748750412787224,-1.0
1.6515219913395058,-0.1376856704248166,0.798508466052482,-1.0
0.9934786847705419,1.5987943895619101,1.6683404887180808,-1.0
0.26582620122150424,1.0819955564135604,1.4572804046152412,-1.0
2.4558223221467665,1.704506539824723,1.789056687375519,-1.0
1.083826627929361,2.410459145203504,1.4097627959594974,-1.0
0.13891208982642955,2.4033699701251905,1.6979032725390275,-1.0
0.5569559788715177,0.5205070326007566,1.2965755451407617,-1.0
1.4631847952675847,1.1972922656312064,1.311308673442885,-1.0
2.6999573745763805,2.0715431522348857,1.1906355912650244,-1.0
1.9413105807674833,-0.03252390352753953,1.397927049946809,-1.0
2.8093063497331103,0.7819541046076262,0.15236607138091518,-1.0
0.3479111114069393,-0.08963303734238837,0.2152380918722966,-1.0
0.629491901409971,-0.405567019178642,1.015618333949603,-1.0
1.902277173786647,0.09224381985307961,2.519283923641769,-1.0
1.5107920885275947,2.0305805856240573,0.34216544614786293,-1.0
1.8545252270666157,-0.09193390039531302,1.8902475008365087,-1.0
1.1718393397935312,1.5532512199847837,-0.17559460562485163,-1.0
0.10493015772339531,1.5972282182533848,0.051651995775799264,-1.0
1.4632062920991231,-0.36713780646024574,1.848174212666668,-1.0
-0.23252331476850907,1.5522999376795232,1.6256309336460009,-1.0
0.3032281815704251,1.5820265670847269,1.260442263333556,-1.0
0.4611581438072617,-0.008554684076208074,-0.962625691672579,-1.0
1.3496500472996937,-0.5648027713620551,1.0953441994413082,-1.0
0.7365517839177509,1.6791427754381956,0.6979545005101357,-1.0
0.6705522136529086,1.7318707042882955,1.3350580290841174,-1.0
1.3161559571827783,1.4692675898085263,-0.5355721232071058,-1.0
1.756788679986982,1.6124687940136022,-0.01668312857649723,-1.0
0.7559195263257987,0.9606927123723689,0.8655032155982673,-1.0
1.3338599665685347,2.4313667818311835,2.0817667276728287,-1.0
-0.31221919343140625,1.6220699903060487,2.32893331953541,-1.0
1.3868085206892027,2.090980425185967,3.012270445700765,-1.0
2.023709546106981,1.249308595641729,2.0450884740847535,-1.0
1.1448878330968912,1.0239030432849554,0.6485857642862675,-1.0
2.563413358832108,0.18157133405799863,2.532367724678116,-1.0
1.4998641237403714,-0.3993061748019415,1.3676492929914215,-1.0
-1.100026507651624,1.6255080168310356,1.8852314829889911,-1.0
0.40764404434794643,1.1235476959555823,2.9541574337502863,-1.0
0.4942532957380633,-0.058907587056600486,2.4816634024625985,-1.0
2.962587190530795,1.0036956718478474,2.0114630354083562,-1.0
2.3414759155308813,0.257515767461616,0.5146941646321317,-1.0
2.2308745131547347,2.6850142787085094,1.5628808601743547,-1.0
0.12018564649794572,2.9870611116994414,0.4690291021880355,-1.0
0.6648622188285482,1.3423378344896215,2.554160420714774,-1.0
1.8539759765522237,1.4148655003619104,1.4632885301181062,-1.0
1.043514668643466,1.5581395145185062,-1.529560077694303,-1.0
0.7033925409302016,1.241321934916781,-0.15101408361950708,-1.0
1.38632331781156,0.7955287790138785,2.75547569831549,-1.0
2.5730197252148566,0.5341944308818372,0.8491622884333047,-1.0
0.9260524343916074,0.5483405238403773,1.1950249840281266,-1.0
0.2417179311124098,-0.1306153349375263,1.6227112239002686,-1.0
1.6295295842218107,0.19568424034000764,1.8953554307625997,-1.0
0.3684222708346686,1.2531652380379812,1.820344012612456,-1.0
0.966387435296287,1.4547409121411343,0.48357035611242827,-1.0
0.8035334165719028,0.7941405691196597,0.2534216534597611,-1.0
0.8232258368842179,-0.5486182988637467,0.5088462528578953,-1.0
0.7151245066303291,0.7438202475046198,0.7585025541292212,-1.0
0.9382358001398711,1.4794415180860638,1.8745170741325226,-1.0
0.3502347731517329,-0.20320085538914445,-0.04204441224310296,-1.0
0.5127970788050729,0.648078682183491,0.2300039338025427,-1.0
-0.29611666424989447,0.5438791725258119,1.1814266201139714,-1.0
1.5950294658355646,0.4425769468916788,0.5870021778565659,-1.0
0.07330169115268925,0.9685608296252236,0.1515713658091854,-1.0
1.5731278132412,-0.7858664919341112,0.6403703275475376,-1.0
1.301107339191742,1.1838345163225044,3.6930336639804966,-1.0
1.3498000245679076,-0.004054596842010261,0.904535752910927,-1.0
-0.7762463334664518,0.9194002507032392,0.1669439429992413,-1.0
1.9153902755601617,0.4504597254044651,0.8832340842047534,-1.0
0.3644421585955966,2.7388513518533313,0.6787572338820883,-1.0
2.832557043479202,1.8141517621182666,1.4820667273353862,-1.0
1.3687331473175197,1.3937972982162514,-0.92767257934561,-1.0
0.7211166058492435,1.8451579711843216,0.9511028165258945,-1.0
-0.40518984680357506,0.9475955494225305,2.704105516255491,-1.0
2.2468917155347192,0.9379959906339682,1.9514492770580865,-1.0
0.6334929796319482,-0.7038715868267189,0.07553401187044562,-1.0
2.5628887685081976,0.7260069181706958,0.7566160206249819,-1.0
0.7001618037251194,2.9041365895730067,2.6259589153620633,-1.0
3.218780233448134,0.8409547895999487,1.2956244887470951,-1.0
-0.5166425494207911,2.4769344261182744,-0.16777955126793498,-1.0
1.2167755637626292,-0.09730252763284408,0.41113317326130394,-1.0
0.16273756895029967,0.3921247393241821,0.4608772968510214,-1.0
0.4517312050749229,1.8333339117803071,-0.10486279306252011,-1.0
1.2205414270138668,2.2179591523055584,0.486803635486604,-1.0
0.28208110925239815,0.7694753748197491,2.1797252083607104,-1.0
1.1941076309533578,0.4687857053924015,1.4838766511880397,-1.0
-0.10229214983642332,1.681359510442948,1.4086073077017676,-1.0
0.6921915288611159,0.16141420155276898,0.1133190777165427,-1.0
1.53481733634591,2.228980502489062,0.3626922529712052,-1.0
1.4583867035514841,-1.0870270186020687,0.4153822693428004,-1.0
0.968941067129098,0.09031658301816636,0.06349362521040403,-1.0
0.3322204435311138,1.2921927283263732,0.8126709815936253,-1.0
-1.238231233324972,-1.1207001526350662,0.3931348221428246,-1.0
1.4576865860535522,-1.7475048427252347,0.5002698238483694,-1.0
0.4737521434825789,2.388337778208448,0.6149781882871364,-1.0
1.3829889847409285,1.1412571400874632,-1.1305664798072006,-1.0
1.7682072166317373,1.2153965054562879,1.5082686396745895,-1.0
4.926237706436327,-1.0841129394985884,2.7246966497611087,-1.0
0.7125524805996444,1.2873289044030094,0.9544877546987578,-1.0
0.5757636666019565,0.43016707176124125,1.329508735573009,-1.0
-0.5171736966716791,1.7505791675217655,0.5838055951147461,-1.0
-0.13006933904035778,0.5499871420041863,2.257149216862573,-1.0
0.4646649129837769,1.3584536182096203,0.2690437242845267,-1.0
1.7579218499236196,1.685507738790204,2.8486088332964115,-1.0
0.8244360545007845,1.6686548047579066,1.0980675395389445,-1.0
2.2958717818630143,0.28116761239126964,1.7450053128772811,-1.0
0.8053027038833183,0.9358118228915022,1.0917524844483728,-1.0
1.2522403964266773,0.8837709568780419,1.2147131831705265,-1.0
2.5781180575621843,1.9854496856152184,1.8691545924968964,-1.0
0.5444604739761293,0.11075917177167571,1.9553005582377527,-1.0
1.8760467925297943,2.472670675750982,0.3960193740307705,-1.0
0.7704513446396529,-0.6394841625254342,0.607528893939127,-1.0
1.9965705105794473,0.533504620771802,1.6404797952008239,-1.0
0.8094968940021887,1.3240570282215607,-0.14769138981566732,-1.0
1.085209449633901,-1.9911359709007233,0.8131038418380152,-1.0
-0.6304732437151401,2.205994516546816,1.7774073527645111,-1.0
1.466670981966081,2.52100622715938,0.05108347917516276,-1.0
2.747363197915558,1.9321915642603846,0.763444712781054,-1.0
2.1356201471829444,-0.1062935124116342,0.17548583847232646,-1.0
0.3914102767602996,0.47102229193598477,-0.05655764276025277,-1.0
2.2230830670953248,0.7411455996301684,1.3525049683568795,-1.0
0.42964863358631944,-0.8206033005485172,1.270057358391422,-1.0
-0.9122549754197768,0.9313659539145314,-0.36831503883281047,-1.0
2.9872759992308078,1.9113627221747218,1.1057537912714803,-1.0
2.2637066776546684,0.15368402253426416,1.543479378670093,-1.0
1.1998104337187134,1.26402008133367,2.272353500106768,-1.0
1.7324921027798021,1.2887236628250234,-0.6548874362282961,-1.0
0.039953704720536276,0.8772910664042759,1.0933723742766512,-1.0
-0.13020372467392383,3.411676675578421,2.516394055253573,-1.0
1.6021183203924836,1.0720368612837448,0.7877910300988483,-1.0
0.04808153997776443,1.0774805185188625,1.2577525401427507,-1.0
-0.24176057548162433,1.3341764172448976,0.8447409511752513,-1.0
